task,variant,lag_label,model,brier,calibration_intercept,calibration_slope,ece
primary_battery,main,lag_0,dummy_prior,0.23513087756050377,-2.5005979334495687,-3.9963656280753845,3.591362343757787e-05
primary_battery,main,lag_0,simple_spo2_min_lr,0.19540700261980212,-0.05352310844651512,0.9118336035763918,0.0788013031222449
primary_battery,main,lag_0,hr_only_lr,0.2234934148811677,-0.42552201604749834,0.8059604467718106,0.08813905865596759
primary_battery,main,lag_0,spo2_only_lr,0.1796872883083604,-0.5256696787880486,0.7732073193420866,0.15900786995325852
primary_battery,main,lag_0,hr_spo2_lr,0.17714280513981012,-0.5277684374841614,0.7875938375325438,0.11726420532209333
primary_battery,main,lag_0,hr_spo2_hgb,0.15275135352432934,-0.5359944282831087,0.9823228113556799,0.07944371080536068
label_sensitivity,sensitivity_onset,lag_0,dummy_prior,0.20200509025881824,-0.49910662441145565,0.46910484421498894,2.216735239812806e-08
label_sensitivity,sensitivity_onset,lag_0,hr_spo2_lr,0.2045546642600831,-0.9418894116755565,0.7838002844684403,0.18310288653483311
label_sensitivity,sensitivity_any,lag_0,dummy_prior,0.24788358963115373,-0.9795618738758192,-4.059568879428696,2.0732533257405983e-06
label_sensitivity,sensitivity_any,lag_0,hr_spo2_lr,0.184536896888624,-0.22022371814917518,0.8396117460037288,0.10618667497346214
label_sensitivity,sensitivity_cov50,lag_0,dummy_prior,0.2034232090965361,-4.549988295565981,-3.9050024029378614,3.5461597855945826e-06
label_sensitivity,sensitivity_cov50,lag_0,hr_spo2_lr,0.17153646507051992,-0.9500106270754584,0.7095248214134917,0.15705612701653757
lag_sensitivity,main,lag_plus_30,dummy_prior,0.23480837891327086,-2.5217248668884875,-3.9811207669074133,3.928740357789229e-05
lag_sensitivity,main,lag_plus_30,simple_spo2_min_lr,0.17901013952864897,-0.06948608365981218,0.8921867606154344,0.09685358219812001
lag_sensitivity,main,lag_plus_30,hr_spo2_lr,0.16844009294170895,-0.5389948482777402,0.7529817167493996,0.1281741238258647
lag_sensitivity,main,lag_plus_60,dummy_prior,0.2344342238081594,-2.5641887234352674,-3.99892319748458,4.2587661529147613e-05
lag_sensitivity,main,lag_plus_60,simple_spo2_min_lr,0.18840776869765127,-0.05769870842890391,0.9082248795565551,0.08589214661467372
lag_sensitivity,main,lag_plus_60,hr_spo2_lr,0.18078865713629336,-0.5390565477937701,0.7980286862806089,0.12263858783942361
