task,variant,lag_label,model,n_gt_events_in_scope,n_gt_events_matched,n_candidate_events,event_sensitivity,event_precision,event_f1,false_positives_per_hour,analyzable_hours
primary_battery,main,lag_0,dummy_prior,11448,0,0,0.0,,,0.0,254.21666666666667
primary_battery,main,lag_0,simple_spo2_min_lr,11448,7184,4012,0.6275331935709294,0.7938683948155534,0.7009683584765709,3.253130531698682,254.21666666666667
primary_battery,main,lag_0,hr_only_lr,11448,6216,5844,0.5429769392033543,0.6218343600273785,0.5797363362153658,8.693371795712318,254.21666666666667
primary_battery,main,lag_0,spo2_only_lr,11448,7695,4777,0.6721698113207547,0.7868955411346034,0.7250222569174094,4.004458139382416,254.21666666666667
primary_battery,main,lag_0,hr_spo2_lr,11448,7551,5026,0.6595911949685535,0.748507759649821,0.7012420909927686,4.9721366288598965,254.21666666666667
primary_battery,main,lag_0,hr_spo2_hgb,11448,8256,5272,0.7211740041928721,0.7541729893778453,0.7373044537642989,5.098013505539893,254.21666666666667
label_sensitivity,sensitivity_onset,lag_0,dummy_prior,11460,0,0,0.0,,,0.0,288.69166666666666
label_sensitivity,sensitivity_onset,lag_0,hr_spo2_lr,11460,7597,5242,0.6629144851657941,0.6264784433422358,0.644181654100176,6.782322547123517,288.69166666666666
label_sensitivity,sensitivity_any,lag_0,dummy_prior,11460,0,0,0.0,,,0.0,288.69166666666666
label_sensitivity,sensitivity_any,lag_0,hr_spo2_lr,11460,8457,3478,0.737958115183246,0.6883266244968372,0.7122788378960949,3.7548711139335507,288.69166666666666
label_sensitivity,sensitivity_cov50,lag_0,dummy_prior,11407,0,0,0.0,,,0.0,220.9
label_sensitivity,sensitivity_cov50,lag_0,hr_spo2_lr,11407,5378,5630,0.47146488997983693,0.6909413854351687,0.560483216851881,7.876867360796741,220.9
lag_sensitivity,main,lag_plus_30,dummy_prior,11430,0,0,0.0,,,0.0,247.93333333333334
lag_sensitivity,main,lag_plus_30,simple_spo2_min_lr,11430,7205,3831,0.6303587051618548,0.8650482902636387,0.7292873736997733,2.0852379671954826,247.93333333333334
lag_sensitivity,main,lag_plus_30,hr_spo2_lr,11430,7576,4884,0.6628171478565179,0.7538902538902539,0.7054263812898199,4.848077440172089,247.93333333333334
lag_sensitivity,main,lag_plus_60,dummy_prior,11406,0,0,0.0,,,0.0,243.35833333333332
lag_sensitivity,main,lag_plus_60,simple_spo2_min_lr,11406,6942,3861,0.6086270384008416,0.7925407925407926,0.6885138878071363,3.291442660000685,243.35833333333332
lag_sensitivity,main,lag_plus_60,hr_spo2_lr,11406,6936,4497,0.6081009994739611,0.7198132088058706,0.6592581493294306,5.177550251686471,243.35833333333332
