model,outer_fold,candidate_index,candidate,mean_average_precision,mean_auroc,n_computable_inner_folds,per_fold_ap,variant,lag_label
simple_spo2_min_lr,0,0,"{'C': 0.1, 'class_weight': None}",0.6257021786956881,0.741254059948483,4,0.590555;0.715764;0.652304;0.544186,main,lag_0
simple_spo2_min_lr,0,1,"{'C': 0.1, 'class_weight': 'balanced'}",0.6257021786956881,0.741254059948483,4,0.590555;0.715764;0.652304;0.544186,main,lag_0
simple_spo2_min_lr,0,2,"{'C': 1.0, 'class_weight': None}",0.6257021786956881,0.741254059948483,4,0.590555;0.715764;0.652304;0.544186,main,lag_0
simple_spo2_min_lr,0,3,"{'C': 1.0, 'class_weight': 'balanced'}",0.6257021786956881,0.741254059948483,4,0.590555;0.715764;0.652304;0.544186,main,lag_0
simple_spo2_min_lr,0,4,"{'C': 10.0, 'class_weight': None}",0.6257021786956881,0.741254059948483,4,0.590555;0.715764;0.652304;0.544186,main,lag_0
simple_spo2_min_lr,0,5,"{'C': 10.0, 'class_weight': 'balanced'}",0.6257021786956881,0.741254059948483,4,0.590555;0.715764;0.652304;0.544186,main,lag_0
simple_spo2_min_lr,1,0,"{'C': 0.1, 'class_weight': None}",0.6332893757819039,0.768559904426865,4,0.554635;0.685486;0.693129;0.599907,main,lag_0
simple_spo2_min_lr,1,1,"{'C': 0.1, 'class_weight': 'balanced'}",0.6332893757819039,0.768559904426865,4,0.554635;0.685486;0.693129;0.599907,main,lag_0
simple_spo2_min_lr,1,2,"{'C': 1.0, 'class_weight': None}",0.6332893757819039,0.768559904426865,4,0.554635;0.685486;0.693129;0.599907,main,lag_0
simple_spo2_min_lr,1,3,"{'C': 1.0, 'class_weight': 'balanced'}",0.6332893757819039,0.768559904426865,4,0.554635;0.685486;0.693129;0.599907,main,lag_0
simple_spo2_min_lr,1,4,"{'C': 10.0, 'class_weight': None}",0.6332893757819039,0.768559904426865,4,0.554635;0.685486;0.693129;0.599907,main,lag_0
simple_spo2_min_lr,1,5,"{'C': 10.0, 'class_weight': 'balanced'}",0.6332893757819039,0.768559904426865,4,0.554635;0.685486;0.693129;0.599907,main,lag_0
simple_spo2_min_lr,2,0,"{'C': 0.1, 'class_weight': None}",0.6504887892371902,0.7831355708840548,4,0.635411;0.628372;0.693205;0.644967,main,lag_0
simple_spo2_min_lr,2,1,"{'C': 0.1, 'class_weight': 'balanced'}",0.6504887892371902,0.7831355708840548,4,0.635411;0.628372;0.693205;0.644967,main,lag_0
simple_spo2_min_lr,2,2,"{'C': 1.0, 'class_weight': None}",0.6504887892371902,0.7831355708840548,4,0.635411;0.628372;0.693205;0.644967,main,lag_0
simple_spo2_min_lr,2,3,"{'C': 1.0, 'class_weight': 'balanced'}",0.6504887892371902,0.7831355708840548,4,0.635411;0.628372;0.693205;0.644967,main,lag_0
simple_spo2_min_lr,2,4,"{'C': 10.0, 'class_weight': None}",0.6504887892371902,0.7831355708840548,4,0.635411;0.628372;0.693205;0.644967,main,lag_0
simple_spo2_min_lr,2,5,"{'C': 10.0, 'class_weight': 'balanced'}",0.6504887892371902,0.7831355708840548,4,0.635411;0.628372;0.693205;0.644967,main,lag_0
simple_spo2_min_lr,3,0,"{'C': 0.1, 'class_weight': None}",0.6690399980650008,0.7814550331374418,4,0.674504;0.630748;0.717743;0.653166,main,lag_0
simple_spo2_min_lr,3,1,"{'C': 0.1, 'class_weight': 'balanced'}",0.6690399980650008,0.7814550331374418,4,0.674504;0.630748;0.717743;0.653166,main,lag_0
simple_spo2_min_lr,3,2,"{'C': 1.0, 'class_weight': None}",0.6690399980650008,0.7814550331374418,4,0.674504;0.630748;0.717743;0.653166,main,lag_0
simple_spo2_min_lr,3,3,"{'C': 1.0, 'class_weight': 'balanced'}",0.6690399980650008,0.7814550331374418,4,0.674504;0.630748;0.717743;0.653166,main,lag_0
simple_spo2_min_lr,3,4,"{'C': 10.0, 'class_weight': None}",0.6690399980650008,0.7814550331374418,4,0.674504;0.630748;0.717743;0.653166,main,lag_0
simple_spo2_min_lr,3,5,"{'C': 10.0, 'class_weight': 'balanced'}",0.6690399980650008,0.7814550331374418,4,0.674504;0.630748;0.717743;0.653166,main,lag_0
simple_spo2_min_lr,4,0,"{'C': 0.1, 'class_weight': None}",0.6433919557213008,0.7615403855621754,4,0.746799;0.546210;0.694618;0.585941,main,lag_0
simple_spo2_min_lr,4,1,"{'C': 0.1, 'class_weight': 'balanced'}",0.6433919557213008,0.7615403855621754,4,0.746799;0.546210;0.694618;0.585941,main,lag_0
simple_spo2_min_lr,4,2,"{'C': 1.0, 'class_weight': None}",0.6433919557213008,0.7615403855621754,4,0.746799;0.546210;0.694618;0.585941,main,lag_0
simple_spo2_min_lr,4,3,"{'C': 1.0, 'class_weight': 'balanced'}",0.6433919557213008,0.7615403855621754,4,0.746799;0.546210;0.694618;0.585941,main,lag_0
simple_spo2_min_lr,4,4,"{'C': 10.0, 'class_weight': None}",0.6433919557213008,0.7615403855621754,4,0.746799;0.546210;0.694618;0.585941,main,lag_0
simple_spo2_min_lr,4,5,"{'C': 10.0, 'class_weight': 'balanced'}",0.6433919557213008,0.7615403855621754,4,0.746799;0.546210;0.694618;0.585941,main,lag_0
hr_only_lr,0,0,"{'C': 0.1, 'class_weight': None}",0.5692713537031543,0.675104744013749,4,0.602684;0.551864;0.561152;0.561385,main,lag_0
hr_only_lr,0,1,"{'C': 0.1, 'class_weight': 'balanced'}",0.5694420966676925,0.6763178437251051,4,0.600913;0.553086;0.563341;0.560428,main,lag_0
hr_only_lr,0,2,"{'C': 1.0, 'class_weight': None}",0.5689667729067491,0.6749288749167518,4,0.603148;0.550096;0.561548;0.561076,main,lag_0
hr_only_lr,0,3,"{'C': 1.0, 'class_weight': 'balanced'}",0.5692339295922628,0.6761361156126116,4,0.601460;0.551359;0.563876;0.560240,main,lag_0
hr_only_lr,0,4,"{'C': 10.0, 'class_weight': None}",0.568891106804731,0.6748995049776902,4,0.603188;0.549853;0.561587;0.560936,main,lag_0
hr_only_lr,0,5,"{'C': 10.0, 'class_weight': 'balanced'}",0.5691796059595768,0.6761024670857562,4,0.601582;0.551110;0.563948;0.560078,main,lag_0
hr_only_lr,1,0,"{'C': 0.1, 'class_weight': None}",0.5683678504525749,0.6922803829253378,4,0.538177;0.590901;0.598305;0.546088,main,lag_0
hr_only_lr,1,1,"{'C': 0.1, 'class_weight': 'balanced'}",0.5688724430496794,0.693166541930067,4,0.538616;0.590421;0.599148;0.547305,main,lag_0
hr_only_lr,1,2,"{'C': 1.0, 'class_weight': None}",0.5682417613456856,0.6921344471241713,4,0.538233;0.591063;0.596607;0.547063,main,lag_0
hr_only_lr,1,3,"{'C': 1.0, 'class_weight': 'balanced'}",0.568696773776311,0.6930691505559597,4,0.538520;0.590644;0.597464;0.548160,main,lag_0
hr_only_lr,1,4,"{'C': 10.0, 'class_weight': None}",0.568203493572412,0.6921116637513804,4,0.538226;0.591150;0.596297;0.547140,main,lag_0
hr_only_lr,1,5,"{'C': 10.0, 'class_weight': 'balanced'}",0.5686513062683899,0.6930292834718084,4,0.538541;0.590696;0.597119;0.548249,main,lag_0
hr_only_lr,2,0,"{'C': 0.1, 'class_weight': None}",0.5723924530091224,0.698468194067001,4,0.577658;0.589163;0.593066;0.529683,main,lag_0
hr_only_lr,2,1,"{'C': 0.1, 'class_weight': 'balanced'}",0.5725819070177269,0.6994376270333608,4,0.576622;0.590127;0.594612;0.528966,main,lag_0
hr_only_lr,2,2,"{'C': 1.0, 'class_weight': None}",0.5725377207413519,0.698329505346158,4,0.577913;0.589099;0.593217;0.529923,main,lag_0
hr_only_lr,2,3,"{'C': 1.0, 'class_weight': 'balanced'}",0.5727050490519228,0.6993234220953464,4,0.576761;0.590006;0.594845;0.529209,main,lag_0
hr_only_lr,2,4,"{'C': 10.0, 'class_weight': None}",0.5725774554786608,0.6983333877734361,4,0.577991;0.589107;0.593283;0.529929,main,lag_0
hr_only_lr,2,5,"{'C': 10.0, 'class_weight': 'balanced'}",0.5727426100950915,0.6993187654692513,4,0.576837;0.589998;0.594914;0.529221,main,lag_0
hr_only_lr,3,0,"{'C': 0.1, 'class_weight': None}",0.5862162883546596,0.7041233783957991,4,0.513367;0.597646;0.665352;0.568499,main,lag_0
hr_only_lr,3,1,"{'C': 0.1, 'class_weight': 'balanced'}",0.5860050028191844,0.7041464798178138,4,0.513822;0.596953;0.665063;0.568183,main,lag_0
hr_only_lr,3,2,"{'C': 1.0, 'class_weight': None}",0.5856928428177944,0.7038174547504648,4,0.512088;0.597795;0.664331;0.568557,main,lag_0
hr_only_lr,3,3,"{'C': 1.0, 'class_weight': 'balanced'}",0.5855139925485651,0.7038511782968498,4,0.512316;0.597174;0.664111;0.568455,main,lag_0
hr_only_lr,3,4,"{'C': 10.0, 'class_weight': None}",0.5855465436008707,0.7037561265913997,4,0.511786;0.597832;0.664098;0.568471,main,lag_0
hr_only_lr,3,5,"{'C': 10.0, 'class_weight': 'balanced'}",0.5853705422277626,0.7037986879726665,4,0.512061;0.597200;0.663738;0.568483,main,lag_0
hr_only_lr,4,0,"{'C': 0.1, 'class_weight': None}",0.5750901945689417,0.6978910367500718,4,0.671058;0.522176;0.577098;0.530029,main,lag_0
hr_only_lr,4,1,"{'C': 0.1, 'class_weight': 'balanced'}",0.5753861182247533,0.6986216306456505,4,0.673826;0.520725;0.577036;0.529957,main,lag_0
hr_only_lr,4,2,"{'C': 1.0, 'class_weight': None}",0.5742733715862379,0.6971900777383432,4,0.668916;0.521705;0.577247;0.529226,main,lag_0
hr_only_lr,4,3,"{'C': 1.0, 'class_weight': 'balanced'}",0.5746694157907799,0.6979541327772447,4,0.671909;0.520533;0.577183;0.529053,main,lag_0
hr_only_lr,4,4,"{'C': 10.0, 'class_weight': None}",0.5741461476602294,0.6970849893946434,4,0.668646;0.521624;0.577222;0.529091,main,lag_0
hr_only_lr,4,5,"{'C': 10.0, 'class_weight': 'balanced'}",0.5745285825225523,0.6978561434619042,4,0.671664;0.520277;0.577160;0.529013,main,lag_0
spo2_only_lr,0,0,"{'C': 0.1, 'class_weight': None}",0.7139323513380533,0.8215159464767802,4,0.669183;0.802940;0.770842;0.612764,main,lag_0
spo2_only_lr,0,1,"{'C': 0.1, 'class_weight': 'balanced'}",0.7142700628059047,0.8219359024737082,4,0.669245;0.802765;0.772779;0.612291,main,lag_0
spo2_only_lr,0,2,"{'C': 1.0, 'class_weight': None}",0.7107630160632387,0.8177916849572694,4,0.665618;0.801452;0.762560;0.613422,main,lag_0
spo2_only_lr,0,3,"{'C': 1.0, 'class_weight': 'balanced'}",0.711765278132979,0.8192485735900445,4,0.666075;0.802000;0.766044;0.612943,main,lag_0
spo2_only_lr,0,4,"{'C': 10.0, 'class_weight': None}",0.7102227937434569,0.8171529413356714,4,0.664906;0.801261;0.761251;0.613473,main,lag_0
spo2_only_lr,0,5,"{'C': 10.0, 'class_weight': 'balanced'}",0.7111111080328856,0.8185156987560639,4,0.665330;0.801752;0.764297;0.613066,main,lag_0
spo2_only_lr,1,0,"{'C': 0.1, 'class_weight': None}",0.7117781918314667,0.8327357397438053,4,0.622752;0.793699;0.781893;0.648770,main,lag_0
spo2_only_lr,1,1,"{'C': 0.1, 'class_weight': 'balanced'}",0.7127521956256098,0.8338236773096748,4,0.622619;0.795076;0.783524;0.649789,main,lag_0
spo2_only_lr,1,2,"{'C': 1.0, 'class_weight': None}",0.7094202478043614,0.8299345838586711,4,0.622765;0.791110;0.778570;0.645237,main,lag_0
spo2_only_lr,1,3,"{'C': 1.0, 'class_weight': 'balanced'}",0.7106770859487761,0.8315153396434316,4,0.622519;0.792641;0.780772;0.646777,main,lag_0
spo2_only_lr,1,4,"{'C': 10.0, 'class_weight': None}",0.7087574311020939,0.8290994847334959,4,0.622471;0.790329;0.777709;0.644520,main,lag_0
spo2_only_lr,1,5,"{'C': 10.0, 'class_weight': 'balanced'}",0.7101662619652914,0.830859284713235,4,0.622455;0.792179;0.780053;0.645978,main,lag_0
spo2_only_lr,2,0,"{'C': 0.1, 'class_weight': None}",0.7428782219385559,0.8475440231839725,4,0.661720;0.751588;0.775225;0.782980,main,lag_0
spo2_only_lr,2,1,"{'C': 0.1, 'class_weight': 'balanced'}",0.74466153461888,0.8500347418687487,4,0.661048;0.755453;0.775781;0.786364,main,lag_0
spo2_only_lr,2,2,"{'C': 1.0, 'class_weight': None}",0.7401081728372061,0.8434958066667895,4,0.662439;0.746330;0.771909;0.779755,main,lag_0
spo2_only_lr,2,3,"{'C': 1.0, 'class_weight': 'balanced'}",0.7421042879745716,0.846586876360172,4,0.661929;0.750011;0.773224;0.783253,main,lag_0
spo2_only_lr,2,4,"{'C': 10.0, 'class_weight': None}",0.7393140091871465,0.8425156651527277,4,0.662258;0.745003;0.771050;0.778945,main,lag_0
spo2_only_lr,2,5,"{'C': 10.0, 'class_weight': 'balanced'}",0.7414240803915428,0.8456230833337584,4,0.662055;0.748611;0.772675;0.782356,main,lag_0
spo2_only_lr,3,0,"{'C': 0.1, 'class_weight': None}",0.7559699026739394,0.8498761883860946,4,0.742269;0.752808;0.823608;0.705195,main,lag_0
spo2_only_lr,3,1,"{'C': 0.1, 'class_weight': 'balanced'}",0.7565237958674031,0.8504032068352908,4,0.742548;0.753119;0.823405;0.707023,main,lag_0
spo2_only_lr,3,2,"{'C': 1.0, 'class_weight': None}",0.7550750380862243,0.8485232731258525,4,0.740071;0.752027;0.823230;0.704971,main,lag_0
spo2_only_lr,3,3,"{'C': 1.0, 'class_weight': 'balanced'}",0.755755685407401,0.8492307788471163,4,0.740642;0.752385;0.823347;0.706650,main,lag_0
spo2_only_lr,3,4,"{'C': 10.0, 'class_weight': None}",0.7549043403562596,0.8482104575229623,4,0.739605;0.751827;0.823149;0.705037,main,lag_0
spo2_only_lr,3,5,"{'C': 10.0, 'class_weight': 'balanced'}",0.7555557318043026,0.8489684493003054,4,0.740163;0.752214;0.823255;0.706591,main,lag_0
spo2_only_lr,4,0,"{'C': 0.1, 'class_weight': None}",0.7134337117710045,0.8254558281931058,4,0.834110;0.632666;0.751376;0.635583,main,lag_0
spo2_only_lr,4,1,"{'C': 0.1, 'class_weight': 'balanced'}",0.7144859715257819,0.8273107515546754,4,0.834501;0.637231;0.751036;0.635176,main,lag_0
spo2_only_lr,4,2,"{'C': 1.0, 'class_weight': None}",0.7113881153754976,0.8230064821331478,4,0.831670;0.629445;0.748615;0.635822,main,lag_0
spo2_only_lr,4,3,"{'C': 1.0, 'class_weight': 'balanced'}",0.7125008724094332,0.8250911842736903,4,0.831779;0.633777;0.749041;0.635406,main,lag_0
spo2_only_lr,4,4,"{'C': 10.0, 'class_weight': None}",0.7109013268145322,0.8223176379214663,4,0.831045;0.628533;0.748125;0.635903,main,lag_0
spo2_only_lr,4,5,"{'C': 10.0, 'class_weight': 'balanced'}",0.7120370033523806,0.8244906085152763,4,0.831241;0.632829;0.748597;0.635481,main,lag_0
hr_spo2_lr,0,0,"{'C': 0.1, 'class_weight': None}",0.7000206249005448,0.800371857644826,4,0.703987;0.748060;0.721989;0.626046,main,lag_0
hr_spo2_lr,0,1,"{'C': 0.1, 'class_weight': 'balanced'}",0.703918370443006,0.8051959235083106,4,0.702617;0.754469;0.733463;0.625125,main,lag_0
hr_spo2_lr,0,2,"{'C': 1.0, 'class_weight': None}",0.6994987351422324,0.7997247720721096,4,0.701510;0.748383;0.721178;0.626924,main,lag_0
hr_spo2_lr,0,3,"{'C': 1.0, 'class_weight': 'balanced'}",0.7034865935394157,0.8046526210375267,4,0.700254;0.755334;0.732448;0.625911,main,lag_0
hr_spo2_lr,0,4,"{'C': 10.0, 'class_weight': None}",0.6994678816277546,0.7996526792328087,4,0.701015;0.748862;0.720923;0.627071,main,lag_0
hr_spo2_lr,0,5,"{'C': 10.0, 'class_weight': 'balanced'}",0.7032622306419065,0.8044089507427239,4,0.699597;0.755347;0.732155;0.625951,main,lag_0
hr_spo2_lr,1,0,"{'C': 0.1, 'class_weight': None}",0.7058837158845771,0.8255621144873737,4,0.627942;0.767270;0.756757;0.671565,main,lag_0
hr_spo2_lr,1,1,"{'C': 0.1, 'class_weight': 'balanced'}",0.7083354047830882,0.8292402938630848,4,0.629066;0.772142;0.760928;0.671204,main,lag_0
hr_spo2_lr,1,2,"{'C': 1.0, 'class_weight': None}",0.7046115703657154,0.8236053989467176,4,0.628585;0.766109;0.754429;0.669323,main,lag_0
hr_spo2_lr,1,3,"{'C': 1.0, 'class_weight': 'balanced'}",0.7072861566138748,0.8275332681187142,4,0.629778;0.771402;0.758930;0.669035,main,lag_0
hr_spo2_lr,1,4,"{'C': 10.0, 'class_weight': None}",0.7044222530505081,0.8232310855982605,4,0.628825;0.765740;0.754224;0.668900,main,lag_0
hr_spo2_lr,1,5,"{'C': 10.0, 'class_weight': 'balanced'}",0.7070952256124057,0.8271794212129204,4,0.629797;0.771190;0.758580;0.668815,main,lag_0
hr_spo2_lr,2,0,"{'C': 0.1, 'class_weight': None}",0.73465687970255,0.8368013571520947,4,0.669799;0.759122;0.758096;0.751611,main,lag_0
hr_spo2_lr,2,1,"{'C': 0.1, 'class_weight': 'balanced'}",0.7385577796338901,0.8426700513332989,4,0.670868;0.761811;0.761717;0.759835,main,lag_0
hr_spo2_lr,2,2,"{'C': 1.0, 'class_weight': None}",0.7348129999824619,0.8362042364341552,4,0.671008;0.756872;0.758649;0.752723,main,lag_0
hr_spo2_lr,2,3,"{'C': 1.0, 'class_weight': 'balanced'}",0.73858386202115,0.8419856029819484,4,0.672258;0.759393;0.762217;0.760467,main,lag_0
hr_spo2_lr,2,4,"{'C': 10.0, 'class_weight': None}",0.734588751207905,0.835915685424063,4,0.670921;0.756214;0.758613;0.752607,main,lag_0
hr_spo2_lr,2,5,"{'C': 10.0, 'class_weight': 'balanced'}",0.7384952348850328,0.8417189384608026,4,0.672267;0.758896;0.762179;0.760639,main,lag_0
hr_spo2_lr,3,0,"{'C': 0.1, 'class_weight': None}",0.7485435786078032,0.8392499591651474,4,0.732465;0.733335;0.812121;0.716253,main,lag_0
hr_spo2_lr,3,1,"{'C': 0.1, 'class_weight': 'balanced'}",0.7517771983193307,0.8434618298027153,4,0.734325;0.739505;0.816413;0.716865,main,lag_0
hr_spo2_lr,3,2,"{'C': 1.0, 'class_weight': None}",0.7480310892084368,0.8384101282979469,4,0.730256;0.734062;0.811878;0.715929,main,lag_0
hr_spo2_lr,3,3,"{'C': 1.0, 'class_weight': 'balanced'}",0.7513835762746399,0.8426734360973258,4,0.732147;0.740166;0.816602;0.716619,main,lag_0
hr_spo2_lr,3,4,"{'C': 10.0, 'class_weight': None}",0.747853335545957,0.8382116987160027,4,0.729736;0.734105;0.811745;0.715828,main,lag_0
hr_spo2_lr,3,5,"{'C': 10.0, 'class_weight': 'balanced'}",0.7512139949066103,0.8425083464977149,4,0.731608;0.740144;0.816482;0.716622,main,lag_0
hr_spo2_lr,4,0,"{'C': 0.1, 'class_weight': None}",0.713090194478351,0.8205303639343755,4,0.833696;0.633911;0.738838;0.645916,main,lag_0
hr_spo2_lr,4,1,"{'C': 0.1, 'class_weight': 'balanced'}",0.7156299436417207,0.825165179238557,4,0.837294;0.637396;0.740798;0.647032,main,lag_0
hr_spo2_lr,4,2,"{'C': 1.0, 'class_weight': None}",0.7121991497855413,0.8193341668740106,4,0.832379;0.631297;0.738297;0.646823,main,lag_0
hr_spo2_lr,4,3,"{'C': 1.0, 'class_weight': 'balanced'}",0.7148542747379288,0.8240819620931108,4,0.835843;0.635100;0.740665;0.647809,main,lag_0
hr_spo2_lr,4,4,"{'C': 10.0, 'class_weight': None}",0.7120484680630023,0.8191421816662493,4,0.832393;0.630678;0.738119;0.647004,main,lag_0
hr_spo2_lr,4,5,"{'C': 10.0, 'class_weight': 'balanced'}",0.7145046369589965,0.8237370727735711,4,0.835225;0.634418;0.740572;0.647804,main,lag_0
hr_spo2_hgb,0,0,"{'learning_rate': 0.05, 'max_leaf_nodes': 15}",0.7611717254037179,0.8455091438949075,4,0.735138;0.829056;0.792240;0.688253,main,lag_0
hr_spo2_hgb,0,1,"{'learning_rate': 0.05, 'max_leaf_nodes': 31}",0.7606214005659001,0.8429448595866701,4,0.735470;0.823573;0.793813;0.689629,main,lag_0
hr_spo2_hgb,0,2,"{'learning_rate': 0.1, 'max_leaf_nodes': 15}",0.7575015259877198,0.8421565834471483,4,0.733877;0.817387;0.792673;0.686070,main,lag_0
hr_spo2_hgb,0,3,"{'learning_rate': 0.1, 'max_leaf_nodes': 31}",0.7515282446834333,0.836629131251997,4,0.724005;0.816047;0.789071;0.676990,main,lag_0
hr_spo2_hgb,1,0,"{'learning_rate': 0.05, 'max_leaf_nodes': 15}",0.7401606788265052,0.8451362553616573,4,0.706868;0.786627;0.807529;0.659618,main,lag_0
hr_spo2_hgb,1,1,"{'learning_rate': 0.05, 'max_leaf_nodes': 31}",0.7381022017372858,0.8419728138011977,4,0.707292;0.786156;0.799582;0.659379,main,lag_0
hr_spo2_hgb,1,2,"{'learning_rate': 0.1, 'max_leaf_nodes': 15}",0.7391347926214433,0.8420017956611702,4,0.703192;0.794321;0.803162;0.655864,main,lag_0
hr_spo2_hgb,1,3,"{'learning_rate': 0.1, 'max_leaf_nodes': 31}",0.7334970445106312,0.8371949884694788,4,0.700689;0.794638;0.786326;0.652335,main,lag_0
hr_spo2_hgb,2,0,"{'learning_rate': 0.05, 'max_leaf_nodes': 15}",0.8021504199602143,0.8780557841982414,4,0.761050;0.799470;0.826691;0.821391,main,lag_0
hr_spo2_hgb,2,1,"{'learning_rate': 0.05, 'max_leaf_nodes': 31}",0.8040972729889745,0.877123865185674,4,0.761850;0.808254;0.827565;0.818719,main,lag_0
hr_spo2_hgb,2,2,"{'learning_rate': 0.1, 'max_leaf_nodes': 15}",0.8011700024241748,0.8754805049548107,4,0.753088;0.810549;0.823647;0.817396,main,lag_0
hr_spo2_hgb,2,3,"{'learning_rate': 0.1, 'max_leaf_nodes': 31}",0.796496537044993,0.8722183214290129,4,0.741893;0.810150;0.822690;0.811252,main,lag_0
hr_spo2_hgb,3,0,"{'learning_rate': 0.05, 'max_leaf_nodes': 15}",0.7603537085123042,0.8555578119182743,4,0.763222;0.782615;0.828914;0.666663,main,lag_0
hr_spo2_hgb,3,1,"{'learning_rate': 0.05, 'max_leaf_nodes': 31}",0.7585372252755145,0.8539396299921722,4,0.760332;0.783993;0.826380;0.663444,main,lag_0
hr_spo2_hgb,3,2,"{'learning_rate': 0.1, 'max_leaf_nodes': 15}",0.7580732551477067,0.8514910526443741,4,0.755727;0.784742;0.822996;0.668828,main,lag_0
hr_spo2_hgb,3,3,"{'learning_rate': 0.1, 'max_leaf_nodes': 31}",0.7522076399258326,0.8489804982163152,4,0.750186;0.777955;0.826852;0.653839,main,lag_0
hr_spo2_hgb,4,0,"{'learning_rate': 0.05, 'max_leaf_nodes': 15}",0.7584130314383506,0.8517795337812882,4,0.856983;0.663095;0.786233;0.727342,main,lag_0
hr_spo2_hgb,4,1,"{'learning_rate': 0.05, 'max_leaf_nodes': 31}",0.7558314024080783,0.8486520950921498,4,0.848537;0.655566;0.791205;0.728018,main,lag_0
hr_spo2_hgb,4,2,"{'learning_rate': 0.1, 'max_leaf_nodes': 15}",0.7572147175811478,0.8500406028314992,4,0.848604;0.667648;0.786195;0.726412,main,lag_0
hr_spo2_hgb,4,3,"{'learning_rate': 0.1, 'max_leaf_nodes': 31}",0.7569027720127354,0.8468429346229807,4,0.838774;0.669070;0.792180;0.727588,main,lag_0
hr_spo2_lr,0,0,"{'C': 0.1, 'class_weight': None}",0.5043194685188722,0.727328336260455,4,0.528134;0.531806;0.494999;0.462340,sensitivity_onset,lag_0
hr_spo2_lr,0,1,"{'C': 0.1, 'class_weight': 'balanced'}",0.5087600464209754,0.7340867652645724,4,0.526430;0.538698;0.506673;0.463239,sensitivity_onset,lag_0
hr_spo2_lr,0,2,"{'C': 1.0, 'class_weight': None}",0.503420255799949,0.7261532881990176,4,0.524839;0.532329;0.494131;0.462382,sensitivity_onset,lag_0
hr_spo2_lr,0,3,"{'C': 1.0, 'class_weight': 'balanced'}",0.507658412028152,0.7331418602586168,4,0.523332;0.539252;0.504993;0.463056,sensitivity_onset,lag_0
hr_spo2_lr,0,4,"{'C': 10.0, 'class_weight': None}",0.5032473689099637,0.7259066280724009,4,0.524252;0.532464;0.493916;0.462357,sensitivity_onset,lag_0
hr_spo2_lr,0,5,"{'C': 10.0, 'class_weight': 'balanced'}",0.5076236798610736,0.7329676444756981,4,0.523035;0.539346;0.504871;0.463242,sensitivity_onset,lag_0
hr_spo2_lr,1,0,"{'C': 0.1, 'class_weight': None}",0.5284591286255029,0.7572630054384721,4,0.465754;0.556029;0.584375;0.507679,sensitivity_onset,lag_0
hr_spo2_lr,1,1,"{'C': 0.1, 'class_weight': 'balanced'}",0.5322219990752364,0.761615813091159,4,0.466872;0.563434;0.591256;0.507326,sensitivity_onset,lag_0
hr_spo2_lr,1,2,"{'C': 1.0, 'class_weight': None}",0.5266151032131658,0.7554293365963688,4,0.465240;0.554954;0.579953;0.506313,sensitivity_onset,lag_0
hr_spo2_lr,1,3,"{'C': 1.0, 'class_weight': 'balanced'}",0.5303697880924645,0.7599818321891689,4,0.466140;0.562115;0.587415;0.505809,sensitivity_onset,lag_0
hr_spo2_lr,1,4,"{'C': 10.0, 'class_weight': None}",0.5263574457544428,0.755195250034862,4,0.465117;0.554672;0.579361;0.506281,sensitivity_onset,lag_0
hr_spo2_lr,1,5,"{'C': 10.0, 'class_weight': 'balanced'}",0.5300697094413132,0.7596228317206936,4,0.465782;0.561930;0.586740;0.505827,sensitivity_onset,lag_0
hr_spo2_lr,2,0,"{'C': 0.1, 'class_weight': None}",0.5354191633319378,0.7590412969707983,4,0.495163;0.593641;0.531057;0.521815,sensitivity_onset,lag_0
hr_spo2_lr,2,1,"{'C': 0.1, 'class_weight': 'balanced'}",0.5396115347431865,0.765880961042051,4,0.497924;0.593833;0.538209;0.528480,sensitivity_onset,lag_0
hr_spo2_lr,2,2,"{'C': 1.0, 'class_weight': None}",0.5343945114605869,0.7582246351805451,4,0.493187;0.592120;0.528520;0.523751,sensitivity_onset,lag_0
hr_spo2_lr,2,3,"{'C': 1.0, 'class_weight': 'balanced'}",0.5384286519529227,0.7651769899382059,4,0.496215;0.592111;0.535555;0.529833,sensitivity_onset,lag_0
hr_spo2_lr,2,4,"{'C': 10.0, 'class_weight': None}",0.5342049135315228,0.7580493832333964,4,0.492962;0.591879;0.528086;0.523893,sensitivity_onset,lag_0
hr_spo2_lr,2,5,"{'C': 10.0, 'class_weight': 'balanced'}",0.5382341625624789,0.7650544576778571,4,0.495831;0.591798;0.535214;0.530093,sensitivity_onset,lag_0
hr_spo2_lr,3,0,"{'C': 0.1, 'class_weight': None}",0.5461730104920316,0.7618143817030325,4,0.540024;0.538661;0.604166;0.501841,sensitivity_onset,lag_0
hr_spo2_lr,3,1,"{'C': 0.1, 'class_weight': 'balanced'}",0.5501909558687899,0.7672868679837681,4,0.542158;0.546855;0.608811;0.502939,sensitivity_onset,lag_0
hr_spo2_lr,3,2,"{'C': 1.0, 'class_weight': None}",0.5449408850050208,0.7606544617170383,4,0.537155;0.539135;0.602827;0.500646,sensitivity_onset,lag_0
hr_spo2_lr,3,3,"{'C': 1.0, 'class_weight': 'balanced'}",0.5488293392713838,0.7663146457127599,4,0.539727;0.547063;0.607040;0.501486,sensitivity_onset,lag_0
hr_spo2_lr,3,4,"{'C': 10.0, 'class_weight': None}",0.5446246475800953,0.7604280353811519,4,0.536658;0.539017;0.602276;0.500548,sensitivity_onset,lag_0
hr_spo2_lr,3,5,"{'C': 10.0, 'class_weight': 'balanced'}",0.5485908565644243,0.7660881385783294,4,0.539334;0.547033;0.606681;0.501315,sensitivity_onset,lag_0
hr_spo2_lr,4,0,"{'C': 0.1, 'class_weight': None}",0.5317518377530579,0.7517263593564887,4,0.635275;0.472735;0.538187;0.480810,sensitivity_onset,lag_0
hr_spo2_lr,4,1,"{'C': 0.1, 'class_weight': 'balanced'}",0.5327387407289392,0.7565735050703503,4,0.633567;0.474040;0.540987;0.482361,sensitivity_onset,lag_0
hr_spo2_lr,4,2,"{'C': 1.0, 'class_weight': None}",0.5306973827326709,0.7508982600292313,4,0.635344;0.470673;0.536592;0.480181,sensitivity_onset,lag_0
hr_spo2_lr,4,3,"{'C': 1.0, 'class_weight': 'balanced'}",0.5313453066388645,0.7557168321731242,4,0.633542;0.471324;0.538894;0.481622,sensitivity_onset,lag_0
hr_spo2_lr,4,4,"{'C': 10.0, 'class_weight': None}",0.530488051983724,0.7507405357332435,4,0.635442;0.470125;0.536322;0.480064,sensitivity_onset,lag_0
hr_spo2_lr,4,5,"{'C': 10.0, 'class_weight': 'balanced'}",0.5311215923747717,0.7555298369628812,4,0.633556;0.470889;0.538669;0.481372,sensitivity_onset,lag_0
hr_spo2_lr,0,0,"{'C': 0.1, 'class_weight': None}",0.7504179095368979,0.7974479854750295,4,0.759195;0.788163;0.770972;0.683341,sensitivity_any,lag_0
hr_spo2_lr,0,1,"{'C': 0.1, 'class_weight': 'balanced'}",0.7516203552004109,0.7990553362718684,4,0.758959;0.789690;0.774742;0.683090,sensitivity_any,lag_0
hr_spo2_lr,0,2,"{'C': 1.0, 'class_weight': None}",0.7500006757861737,0.7968856752496742,4,0.756984;0.788509;0.770833;0.683676,sensitivity_any,lag_0
hr_spo2_lr,0,3,"{'C': 1.0, 'class_weight': 'balanced'}",0.7512298495624907,0.7985017859841225,4,0.756885;0.790130;0.774473;0.683432,sensitivity_any,lag_0
hr_spo2_lr,0,4,"{'C': 10.0, 'class_weight': None}",0.749916370765465,0.7967860468570945,4,0.756608;0.788558;0.770792;0.683707,sensitivity_any,lag_0
hr_spo2_lr,0,5,"{'C': 10.0, 'class_weight': 'balanced'}",0.7510686550487651,0.7983181947513514,4,0.756477;0.789995;0.774364;0.683439,sensitivity_any,lag_0
hr_spo2_lr,1,0,"{'C': 0.1, 'class_weight': None}",0.7499485522826785,0.8182027605436439,4,0.683557;0.805375;0.788921;0.721940,sensitivity_any,lag_0
hr_spo2_lr,1,1,"{'C': 0.1, 'class_weight': 'balanced'}",0.7509538064256035,0.8195518284748613,4,0.684265;0.807346;0.790319;0.721885,sensitivity_any,lag_0
hr_spo2_lr,1,2,"{'C': 1.0, 'class_weight': None}",0.7487979819773385,0.8166391838670067,4,0.683678;0.804245;0.786875;0.720394,sensitivity_any,lag_0
hr_spo2_lr,1,3,"{'C': 1.0, 'class_weight': 'balanced'}",0.7498110616464171,0.8180490783633257,4,0.684256;0.806182;0.788309;0.720497,sensitivity_any,lag_0
hr_spo2_lr,1,4,"{'C': 10.0, 'class_weight': None}",0.748551102233912,0.8162866648424536,4,0.683591;0.803978;0.786616;0.720020,sensitivity_any,lag_0
hr_spo2_lr,1,5,"{'C': 10.0, 'class_weight': 'balanced'}",0.7495803877038129,0.8177556001820545,4,0.684311;0.805937;0.787967;0.720106,sensitivity_any,lag_0
hr_spo2_lr,2,0,"{'C': 0.1, 'class_weight': None}",0.7749482221397153,0.8319231163770004,4,0.721123;0.796096;0.792596;0.789977,sensitivity_any,lag_0
hr_spo2_lr,2,1,"{'C': 0.1, 'class_weight': 'balanced'}",0.7764133183384128,0.8341477022692905,4,0.721994;0.797070;0.793909;0.792679,sensitivity_any,lag_0
hr_spo2_lr,2,2,"{'C': 1.0, 'class_weight': None}",0.7747779276718965,0.8312717504498132,4,0.721548;0.793847;0.792984;0.790733,sensitivity_any,lag_0
hr_spo2_lr,2,3,"{'C': 1.0, 'class_weight': 'balanced'}",0.7762419733326291,0.8335097874822781,4,0.722484;0.794717;0.794348;0.793419,sensitivity_any,lag_0
hr_spo2_lr,2,4,"{'C': 10.0, 'class_weight': None}",0.7746782229125544,0.8310619101071971,4,0.721585;0.793471;0.792922;0.790735,sensitivity_any,lag_0
hr_spo2_lr,2,5,"{'C': 10.0, 'class_weight': 'balanced'}",0.7761450125177582,0.8333209606485352,4,0.722591;0.794330;0.794325;0.793334,sensitivity_any,lag_0
hr_spo2_lr,3,0,"{'C': 0.1, 'class_weight': None}",0.7894283657247037,0.8332290346650495,4,0.769954;0.778123;0.842919;0.766718,sensitivity_any,lag_0
hr_spo2_lr,3,1,"{'C': 0.1, 'class_weight': 'balanced'}",0.7904635523229712,0.8347271245748835,4,0.770595;0.779856;0.844270;0.767133,sensitivity_any,lag_0
hr_spo2_lr,3,2,"{'C': 1.0, 'class_weight': None}",0.7888926824117951,0.832480566042222,4,0.768192;0.778235;0.842585;0.766558,sensitivity_any,lag_0
hr_spo2_lr,3,3,"{'C': 1.0, 'class_weight': 'balanced'}",0.7899693039581372,0.8340231839287046,4,0.768899;0.780030;0.844070;0.766879,sensitivity_any,lag_0
hr_spo2_lr,3,4,"{'C': 10.0, 'class_weight': None}",0.7887891056241336,0.832372193121977,4,0.767908;0.778241;0.842489;0.766518,sensitivity_any,lag_0
hr_spo2_lr,3,5,"{'C': 10.0, 'class_weight': 'balanced'}",0.789847767662377,0.8338560760498974,4,0.768468;0.780056;0.843990;0.766878,sensitivity_any,lag_0
hr_spo2_lr,4,0,"{'C': 0.1, 'class_weight': None}",0.7558940613437197,0.8132821902349583,4,0.853230;0.690526;0.777046;0.702775,sensitivity_any,lag_0
hr_spo2_lr,4,1,"{'C': 0.1, 'class_weight': 'balanced'}",0.7569604741752417,0.8150897887469324,4,0.854567;0.692163;0.777854;0.703258,sensitivity_any,lag_0
hr_spo2_lr,4,2,"{'C': 1.0, 'class_weight': None}",0.7550655482991413,0.8122854909176951,4,0.852109;0.688460;0.776679;0.703014,sensitivity_any,lag_0
hr_spo2_lr,4,3,"{'C': 1.0, 'class_weight': 'balanced'}",0.7562049351211988,0.8141541633697049,4,0.853583;0.690247;0.777446;0.703543,sensitivity_any,lag_0
hr_spo2_lr,4,4,"{'C': 10.0, 'class_weight': None}",0.754857583237279,0.812006902499755,4,0.851928;0.687955;0.776490;0.703057,sensitivity_any,lag_0
hr_spo2_lr,4,5,"{'C': 10.0, 'class_weight': 'balanced'}",0.7559606535277545,0.8138657892790436,4,0.853302;0.689707;0.777319;0.703515,sensitivity_any,lag_0
hr_spo2_lr,0,0,"{'C': 0.1, 'class_weight': None}",0.6235619075166818,0.7994032001985533,4,0.605738;0.679627;0.654275;0.554608,sensitivity_cov50,lag_0
hr_spo2_lr,0,1,"{'C': 0.1, 'class_weight': 'balanced'}",0.6307475258634301,0.8078652817752219,4,0.601413;0.693270;0.677315;0.550992,sensitivity_cov50,lag_0
hr_spo2_lr,0,2,"{'C': 1.0, 'class_weight': None}",0.6245747612577517,0.7987976390725023,4,0.604112;0.681915;0.655815;0.556457,sensitivity_cov50,lag_0
hr_spo2_lr,0,3,"{'C': 1.0, 'class_weight': 'balanced'}",0.6314579601266912,0.8074862758643933,4,0.599660;0.695400;0.677766;0.553007,sensitivity_cov50,lag_0
hr_spo2_lr,0,4,"{'C': 10.0, 'class_weight': None}",0.6244704192788721,0.798528435747096,4,0.603275;0.682183;0.655771;0.556653,sensitivity_cov50,lag_0
hr_spo2_lr,0,5,"{'C': 10.0, 'class_weight': 'balanced'}",0.6315381395661366,0.8073484844544145,4,0.599413;0.695761;0.677657;0.553321,sensitivity_cov50,lag_0
hr_spo2_lr,1,0,"{'C': 0.1, 'class_weight': None}",0.6243187767660315,0.8231289773561651,4,0.551630;0.699763;0.684861;0.561022,sensitivity_cov50,lag_0
hr_spo2_lr,1,1,"{'C': 0.1, 'class_weight': 'balanced'}",0.6282245303304894,0.8301408962513255,4,0.550970;0.709142;0.692847;0.559939,sensitivity_cov50,lag_0
hr_spo2_lr,1,2,"{'C': 1.0, 'class_weight': None}",0.6230403909455516,0.820369211337407,4,0.552786;0.698505;0.681968;0.558902,sensitivity_cov50,lag_0
hr_spo2_lr,1,3,"{'C': 1.0, 'class_weight': 'balanced'}",0.627265363681432,0.8280324008348816,4,0.552359;0.708513;0.690379;0.557810,sensitivity_cov50,lag_0
hr_spo2_lr,1,4,"{'C': 10.0, 'class_weight': None}",0.6228944578309703,0.8196446426239814,4,0.553284;0.698054;0.681355;0.558885,sensitivity_cov50,lag_0
hr_spo2_lr,1,5,"{'C': 10.0, 'class_weight': 'balanced'}",0.627038623936683,0.8276238162567877,4,0.552391;0.708301;0.690093;0.557370,sensitivity_cov50,lag_0
hr_spo2_lr,2,0,"{'C': 0.1, 'class_weight': None}",0.6598577295305376,0.8310153235896547,4,0.600315;0.677097;0.686893;0.675126,sensitivity_cov50,lag_0
hr_spo2_lr,2,1,"{'C': 0.1, 'class_weight': 'balanced'}",0.666088602187261,0.8418233673684575,4,0.598855;0.681530;0.693314;0.690655,sensitivity_cov50,lag_0
hr_spo2_lr,2,2,"{'C': 1.0, 'class_weight': None}",0.6609549860163949,0.8305781080282733,4,0.602771;0.673629;0.689591;0.677829,sensitivity_cov50,lag_0
hr_spo2_lr,2,3,"{'C': 1.0, 'class_weight': 'balanced'}",0.6667492350213045,0.8412217477321922,4,0.600620;0.677770;0.696301;0.692306,sensitivity_cov50,lag_0
hr_spo2_lr,2,4,"{'C': 10.0, 'class_weight': None}",0.6609955369124705,0.8303452562222637,4,0.603254;0.672621;0.689906;0.678202,sensitivity_cov50,lag_0
hr_spo2_lr,2,5,"{'C': 10.0, 'class_weight': 'balanced'}",0.6667119958350267,0.8410038525124053,4,0.600958;0.676933;0.696313;0.692645,sensitivity_cov50,lag_0
hr_spo2_lr,3,0,"{'C': 0.1, 'class_weight': None}",0.6732031266694354,0.8374259608439865,4,0.654435;0.638100;0.752293;0.647986,sensitivity_cov50,lag_0
hr_spo2_lr,3,1,"{'C': 0.1, 'class_weight': 'balanced'}",0.6792397924242728,0.8448398485241106,4,0.657507;0.652007;0.762132;0.645314,sensitivity_cov50,lag_0
hr_spo2_lr,3,2,"{'C': 1.0, 'class_weight': None}",0.673156367626641,0.8363097449575604,4,0.651515;0.640143;0.752683;0.648284,sensitivity_cov50,lag_0
hr_spo2_lr,3,3,"{'C': 1.0, 'class_weight': 'balanced'}",0.6792544292440498,0.8440475625702453,4,0.655214;0.653519;0.762848;0.645436,sensitivity_cov50,lag_0
hr_spo2_lr,3,4,"{'C': 10.0, 'class_weight': None}",0.6730660291840299,0.8359818729838058,4,0.651102;0.640460;0.752532;0.648171,sensitivity_cov50,lag_0
hr_spo2_lr,3,5,"{'C': 10.0, 'class_weight': 'balanced'}",0.6792041485224246,0.8438444828152454,4,0.654728;0.653811;0.762865;0.645412,sensitivity_cov50,lag_0
hr_spo2_lr,4,0,"{'C': 0.1, 'class_weight': None}",0.6427259527560063,0.8212024845619732,4,0.777866;0.561132;0.667659;0.564247,sensitivity_cov50,lag_0
hr_spo2_lr,4,1,"{'C': 0.1, 'class_weight': 'balanced'}",0.6457790593382199,0.8282921783379821,4,0.784908;0.566417;0.670678;0.561113,sensitivity_cov50,lag_0
hr_spo2_lr,4,2,"{'C': 1.0, 'class_weight': None}",0.642276330813451,0.819748250939385,4,0.776402;0.558896;0.668257;0.565551,sensitivity_cov50,lag_0
hr_spo2_lr,4,3,"{'C': 1.0, 'class_weight': 'balanced'}",0.6453126030960036,0.8269297270462496,4,0.783227;0.563967;0.671179;0.562878,sensitivity_cov50,lag_0
hr_spo2_lr,4,4,"{'C': 10.0, 'class_weight': None}",0.6420635659075379,0.819348685223166,4,0.775879;0.558243;0.668153;0.565979,sensitivity_cov50,lag_0
hr_spo2_lr,4,5,"{'C': 10.0, 'class_weight': 'balanced'}",0.6450647453341581,0.8265201031059137,4,0.782797;0.563057;0.671167;0.563238,sensitivity_cov50,lag_0
simple_spo2_min_lr,0,0,"{'C': 0.1, 'class_weight': None}",0.688805753796361,0.7942702804768207,4,0.648672;0.779373;0.716763;0.610415,main,lag_plus_30
simple_spo2_min_lr,0,1,"{'C': 0.1, 'class_weight': 'balanced'}",0.688805753796361,0.7942702804768207,4,0.648672;0.779373;0.716763;0.610415,main,lag_plus_30
simple_spo2_min_lr,0,2,"{'C': 1.0, 'class_weight': None}",0.688805753796361,0.7942702804768207,4,0.648672;0.779373;0.716763;0.610415,main,lag_plus_30
simple_spo2_min_lr,0,3,"{'C': 1.0, 'class_weight': 'balanced'}",0.688805753796361,0.7942702804768207,4,0.648672;0.779373;0.716763;0.610415,main,lag_plus_30
simple_spo2_min_lr,0,4,"{'C': 10.0, 'class_weight': None}",0.688805753796361,0.7942702804768207,4,0.648672;0.779373;0.716763;0.610415,main,lag_plus_30
simple_spo2_min_lr,0,5,"{'C': 10.0, 'class_weight': 'balanced'}",0.688805753796361,0.7942702804768207,4,0.648672;0.779373;0.716763;0.610415,main,lag_plus_30
simple_spo2_min_lr,1,0,"{'C': 0.1, 'class_weight': None}",0.6901656384163596,0.8159592963154829,4,0.599032;0.766373;0.729242;0.666016,main,lag_plus_30
simple_spo2_min_lr,1,1,"{'C': 0.1, 'class_weight': 'balanced'}",0.6901656384163596,0.8159592963154829,4,0.599032;0.766373;0.729242;0.666016,main,lag_plus_30
simple_spo2_min_lr,1,2,"{'C': 1.0, 'class_weight': None}",0.6901656384163596,0.8159592963154829,4,0.599032;0.766373;0.729242;0.666016,main,lag_plus_30
simple_spo2_min_lr,1,3,"{'C': 1.0, 'class_weight': 'balanced'}",0.6901656384163596,0.8159592963154829,4,0.599032;0.766373;0.729242;0.666016,main,lag_plus_30
simple_spo2_min_lr,1,4,"{'C': 10.0, 'class_weight': None}",0.6901656384163596,0.8159592963154829,4,0.599032;0.766373;0.729242;0.666016,main,lag_plus_30
simple_spo2_min_lr,1,5,"{'C': 10.0, 'class_weight': 'balanced'}",0.6901656384163596,0.8159592963154829,4,0.599032;0.766373;0.729242;0.666016,main,lag_plus_30
simple_spo2_min_lr,2,0,"{'C': 0.1, 'class_weight': None}",0.7101570274778389,0.8266568271149186,4,0.682775;0.700623;0.725156;0.732074,main,lag_plus_30
simple_spo2_min_lr,2,1,"{'C': 0.1, 'class_weight': 'balanced'}",0.7101570274778389,0.8266568271149186,4,0.682775;0.700623;0.725156;0.732074,main,lag_plus_30
simple_spo2_min_lr,2,2,"{'C': 1.0, 'class_weight': None}",0.7101570274778389,0.8266568271149186,4,0.682775;0.700623;0.725156;0.732074,main,lag_plus_30
simple_spo2_min_lr,2,3,"{'C': 1.0, 'class_weight': 'balanced'}",0.7101570274778389,0.8266568271149186,4,0.682775;0.700623;0.725156;0.732074,main,lag_plus_30
simple_spo2_min_lr,2,4,"{'C': 10.0, 'class_weight': None}",0.7101570274778389,0.8266568271149186,4,0.682775;0.700623;0.725156;0.732074,main,lag_plus_30
simple_spo2_min_lr,2,5,"{'C': 10.0, 'class_weight': 'balanced'}",0.7101570274778389,0.8266568271149186,4,0.682775;0.700623;0.725156;0.732074,main,lag_plus_30
simple_spo2_min_lr,3,0,"{'C': 0.1, 'class_weight': None}",0.7317535095663583,0.8255970784869312,4,0.722157;0.714671;0.783915;0.706271,main,lag_plus_30
simple_spo2_min_lr,3,1,"{'C': 0.1, 'class_weight': 'balanced'}",0.7317535095663583,0.8255970784869312,4,0.722157;0.714671;0.783915;0.706271,main,lag_plus_30
simple_spo2_min_lr,3,2,"{'C': 1.0, 'class_weight': None}",0.7317535095663583,0.8255970784869312,4,0.722157;0.714671;0.783915;0.706271,main,lag_plus_30
simple_spo2_min_lr,3,3,"{'C': 1.0, 'class_weight': 'balanced'}",0.7317535095663583,0.8255970784869312,4,0.722157;0.714671;0.783915;0.706271,main,lag_plus_30
simple_spo2_min_lr,3,4,"{'C': 10.0, 'class_weight': None}",0.7317535095663583,0.8255970784869312,4,0.722157;0.714671;0.783915;0.706271,main,lag_plus_30
simple_spo2_min_lr,3,5,"{'C': 10.0, 'class_weight': 'balanced'}",0.7317535095663583,0.8255970784869312,4,0.722157;0.714671;0.783915;0.706271,main,lag_plus_30
simple_spo2_min_lr,4,0,"{'C': 0.1, 'class_weight': None}",0.688327259971266,0.8012912459545315,4,0.798636;0.607185;0.722406;0.625082,main,lag_plus_30
simple_spo2_min_lr,4,1,"{'C': 0.1, 'class_weight': 'balanced'}",0.688327259971266,0.8012912459545315,4,0.798636;0.607185;0.722406;0.625082,main,lag_plus_30
simple_spo2_min_lr,4,2,"{'C': 1.0, 'class_weight': None}",0.688327259971266,0.8012912459545315,4,0.798636;0.607185;0.722406;0.625082,main,lag_plus_30
simple_spo2_min_lr,4,3,"{'C': 1.0, 'class_weight': 'balanced'}",0.688327259971266,0.8012912459545315,4,0.798636;0.607185;0.722406;0.625082,main,lag_plus_30
simple_spo2_min_lr,4,4,"{'C': 10.0, 'class_weight': None}",0.688327259971266,0.8012912459545315,4,0.798636;0.607185;0.722406;0.625082,main,lag_plus_30
simple_spo2_min_lr,4,5,"{'C': 10.0, 'class_weight': 'balanced'}",0.688327259971266,0.8012912459545315,4,0.798636;0.607185;0.722406;0.625082,main,lag_plus_30
hr_spo2_lr,0,0,"{'C': 0.1, 'class_weight': None}",0.7312043509362584,0.828932375155758,4,0.719627;0.803222;0.749706;0.652263,main,lag_plus_30
hr_spo2_lr,0,1,"{'C': 0.1, 'class_weight': 'balanced'}",0.7360735456576475,0.8347536488226562,4,0.719782;0.809672;0.762726;0.652115,main,lag_plus_30
hr_spo2_lr,0,2,"{'C': 1.0, 'class_weight': None}",0.7303466491921908,0.8279991909621078,4,0.716838;0.802122;0.749585;0.652841,main,lag_plus_30
hr_spo2_lr,0,3,"{'C': 1.0, 'class_weight': 'balanced'}",0.735281907536764,0.8338568743806855,4,0.717553;0.808512;0.762505;0.652558,main,lag_plus_30
hr_spo2_lr,0,4,"{'C': 10.0, 'class_weight': None}",0.7301177943385424,0.8277290877374569,4,0.716620;0.801878;0.749146;0.652828,main,lag_plus_30
hr_spo2_lr,0,5,"{'C': 10.0, 'class_weight': 'balanced'}",0.7348975800041564,0.8334579175607378,4,0.716981;0.808234;0.761646;0.652730,main,lag_plus_30
hr_spo2_lr,1,0,"{'C': 0.1, 'class_weight': None}",0.7205141454919997,0.8452272527034637,4,0.643485;0.788584;0.755891;0.694096,main,lag_plus_30
hr_spo2_lr,1,1,"{'C': 0.1, 'class_weight': 'balanced'}",0.7233294524121007,0.8489349679595765,4,0.644482;0.794078;0.760241;0.694517,main,lag_plus_30
hr_spo2_lr,1,2,"{'C': 1.0, 'class_weight': None}",0.7196095249775223,0.8435280958266528,4,0.643533;0.787963;0.753425;0.693517,main,lag_plus_30
hr_spo2_lr,1,3,"{'C': 1.0, 'class_weight': 'balanced'}",0.7224476867882595,0.8473865024187874,4,0.644925;0.793358;0.757855;0.693652,main,lag_plus_30
hr_spo2_lr,1,4,"{'C': 10.0, 'class_weight': None}",0.719178603846133,0.8430278189509557,4,0.643428;0.787624;0.752756;0.692906,main,lag_plus_30
hr_spo2_lr,1,5,"{'C': 10.0, 'class_weight': 'balanced'}",0.722124721882343,0.8469059667951386,4,0.644769;0.793238;0.757367;0.693124,main,lag_plus_30
hr_spo2_lr,2,0,"{'C': 0.1, 'class_weight': None}",0.7471146129703528,0.8514561483417054,4,0.689134;0.761995;0.772313;0.765016,main,lag_plus_30
hr_spo2_lr,2,1,"{'C': 0.1, 'class_weight': 'balanced'}",0.751748148980717,0.8576728188385606,4,0.690368;0.766267;0.774726;0.775633,main,lag_plus_30
hr_spo2_lr,2,2,"{'C': 1.0, 'class_weight': None}",0.7473937127519095,0.8515170308282602,4,0.688717;0.761512;0.771567;0.767779,main,lag_plus_30
hr_spo2_lr,2,3,"{'C': 1.0, 'class_weight': 'balanced'}",0.7519925414535633,0.8576148367311661,4,0.690291;0.765761;0.773769;0.778150,main,lag_plus_30
hr_spo2_lr,2,4,"{'C': 10.0, 'class_weight': None}",0.7471695139315633,0.851282166295724,4,0.688174;0.761465;0.771255;0.767783,main,lag_plus_30
hr_spo2_lr,2,5,"{'C': 10.0, 'class_weight': 'balanced'}",0.7517202907068758,0.8573988823319854,4,0.689679;0.765449;0.773294;0.778460,main,lag_plus_30
hr_spo2_lr,3,0,"{'C': 0.1, 'class_weight': None}",0.7760056400584175,0.8636785128099653,4,0.751146;0.763423;0.833557;0.755897,main,lag_plus_30
hr_spo2_lr,3,1,"{'C': 0.1, 'class_weight': 'balanced'}",0.779193721184283,0.867514505994509,4,0.753098;0.770802;0.837813;0.755062,main,lag_plus_30
hr_spo2_lr,3,2,"{'C': 1.0, 'class_weight': None}",0.7751839256891365,0.8629709237848706,4,0.749022;0.763064;0.833523;0.755126,main,lag_plus_30
hr_spo2_lr,3,3,"{'C': 1.0, 'class_weight': 'balanced'}",0.7784184358100673,0.8668179021209974,4,0.750829;0.770704;0.837628;0.754512,main,lag_plus_30
hr_spo2_lr,3,4,"{'C': 10.0, 'class_weight': None}",0.7746367767321763,0.862366296162506,4,0.747283;0.763256;0.833528;0.754480,main,lag_plus_30
hr_spo2_lr,3,5,"{'C': 10.0, 'class_weight': 'balanced'}",0.778106755630013,0.866490723592286,4,0.750010;0.770677;0.837493;0.754247,main,lag_plus_30
hr_spo2_lr,4,0,"{'C': 0.1, 'class_weight': None}",0.7273436720275103,0.836375200374418,4,0.846443;0.645915;0.755829;0.661188,main,lag_plus_30
hr_spo2_lr,4,1,"{'C': 0.1, 'class_weight': 'balanced'}",0.7307356906836728,0.8419870032778423,4,0.850163;0.652690;0.757602;0.662487,main,lag_plus_30
hr_spo2_lr,4,2,"{'C': 1.0, 'class_weight': None}",0.7263666623928824,0.8355693852616978,4,0.846202;0.642932;0.755114;0.661219,main,lag_plus_30
hr_spo2_lr,4,3,"{'C': 1.0, 'class_weight': 'balanced'}",0.7296766660041081,0.8410406169362307,4,0.849754;0.649315;0.757049;0.662588,main,lag_plus_30
hr_spo2_lr,4,4,"{'C': 10.0, 'class_weight': None}",0.7259423207419347,0.8350660679654682,4,0.846096;0.641439;0.755023;0.661212,main,lag_plus_30
hr_spo2_lr,4,5,"{'C': 10.0, 'class_weight': 'balanced'}",0.7290682959641022,0.8403603148257611,4,0.849644;0.647123;0.756802;0.662704,main,lag_plus_30
simple_spo2_min_lr,0,0,"{'C': 0.1, 'class_weight': None}",0.6515757720621974,0.7575584026884814,4,0.609380;0.748270;0.679043;0.569610,main,lag_plus_60
simple_spo2_min_lr,0,1,"{'C': 0.1, 'class_weight': 'balanced'}",0.6515757720621974,0.7575584026884814,4,0.609380;0.748270;0.679043;0.569610,main,lag_plus_60
simple_spo2_min_lr,0,2,"{'C': 1.0, 'class_weight': None}",0.6515757720621974,0.7575584026884814,4,0.609380;0.748270;0.679043;0.569610,main,lag_plus_60
simple_spo2_min_lr,0,3,"{'C': 1.0, 'class_weight': 'balanced'}",0.6515757720621974,0.7575584026884814,4,0.609380;0.748270;0.679043;0.569610,main,lag_plus_60
simple_spo2_min_lr,0,4,"{'C': 10.0, 'class_weight': None}",0.6515757720621974,0.7575584026884814,4,0.609380;0.748270;0.679043;0.569610,main,lag_plus_60
simple_spo2_min_lr,0,5,"{'C': 10.0, 'class_weight': 'balanced'}",0.6515757720621974,0.7575584026884814,4,0.609380;0.748270;0.679043;0.569610,main,lag_plus_60
simple_spo2_min_lr,1,0,"{'C': 0.1, 'class_weight': None}",0.6558454979654135,0.7840931914290307,4,0.577475;0.714492;0.702559;0.628856,main,lag_plus_60
simple_spo2_min_lr,1,1,"{'C': 0.1, 'class_weight': 'balanced'}",0.6558454979654135,0.7840931914290307,4,0.577475;0.714492;0.702559;0.628856,main,lag_plus_60
simple_spo2_min_lr,1,2,"{'C': 1.0, 'class_weight': None}",0.6558454979654135,0.7840931914290307,4,0.577475;0.714492;0.702559;0.628856,main,lag_plus_60
simple_spo2_min_lr,1,3,"{'C': 1.0, 'class_weight': 'balanced'}",0.6558454979654135,0.7840931914290307,4,0.577475;0.714492;0.702559;0.628856,main,lag_plus_60
simple_spo2_min_lr,1,4,"{'C': 10.0, 'class_weight': None}",0.6558454979654135,0.7840931914290307,4,0.577475;0.714492;0.702559;0.628856,main,lag_plus_60
simple_spo2_min_lr,1,5,"{'C': 10.0, 'class_weight': 'balanced'}",0.6558454979654135,0.7840931914290307,4,0.577475;0.714492;0.702559;0.628856,main,lag_plus_60
simple_spo2_min_lr,2,0,"{'C': 0.1, 'class_weight': None}",0.6738112863556579,0.7979335089899458,4,0.663280;0.653973;0.718974;0.659018,main,lag_plus_60
simple_spo2_min_lr,2,1,"{'C': 0.1, 'class_weight': 'balanced'}",0.6738112863556579,0.7979335089899458,4,0.663280;0.653973;0.718974;0.659018,main,lag_plus_60
simple_spo2_min_lr,2,2,"{'C': 1.0, 'class_weight': None}",0.6738112863556579,0.7979335089899458,4,0.663280;0.653973;0.718974;0.659018,main,lag_plus_60
simple_spo2_min_lr,2,3,"{'C': 1.0, 'class_weight': 'balanced'}",0.6738112863556579,0.7979335089899458,4,0.663280;0.653973;0.718974;0.659018,main,lag_plus_60
simple_spo2_min_lr,2,4,"{'C': 10.0, 'class_weight': None}",0.6738112863556579,0.7979335089899458,4,0.663280;0.653973;0.718974;0.659018,main,lag_plus_60
simple_spo2_min_lr,2,5,"{'C': 10.0, 'class_weight': 'balanced'}",0.6738112863556579,0.7979335089899458,4,0.663280;0.653973;0.718974;0.659018,main,lag_plus_60
simple_spo2_min_lr,3,0,"{'C': 0.1, 'class_weight': None}",0.6941881284692719,0.7959601007662847,4,0.691229;0.648417;0.747640;0.689466,main,lag_plus_60
simple_spo2_min_lr,3,1,"{'C': 0.1, 'class_weight': 'balanced'}",0.6941881284692719,0.7959601007662847,4,0.691229;0.648417;0.747640;0.689466,main,lag_plus_60
simple_spo2_min_lr,3,2,"{'C': 1.0, 'class_weight': None}",0.6941881284692719,0.7959601007662847,4,0.691229;0.648417;0.747640;0.689466,main,lag_plus_60
simple_spo2_min_lr,3,3,"{'C': 1.0, 'class_weight': 'balanced'}",0.6941881284692719,0.7959601007662847,4,0.691229;0.648417;0.747640;0.689466,main,lag_plus_60
simple_spo2_min_lr,3,4,"{'C': 10.0, 'class_weight': None}",0.6941881284692719,0.7959601007662847,4,0.691229;0.648417;0.747640;0.689466,main,lag_plus_60
simple_spo2_min_lr,3,5,"{'C': 10.0, 'class_weight': 'balanced'}",0.6941881284692719,0.7959601007662847,4,0.691229;0.648417;0.747640;0.689466,main,lag_plus_60
simple_spo2_min_lr,4,0,"{'C': 0.1, 'class_weight': None}",0.6661838867819173,0.7762916916700959,4,0.775445;0.570412;0.711993;0.606886,main,lag_plus_60
simple_spo2_min_lr,4,1,"{'C': 0.1, 'class_weight': 'balanced'}",0.6661838867819173,0.7762916916700959,4,0.775445;0.570412;0.711993;0.606886,main,lag_plus_60
simple_spo2_min_lr,4,2,"{'C': 1.0, 'class_weight': None}",0.6661838867819173,0.7762916916700959,4,0.775445;0.570412;0.711993;0.606886,main,lag_plus_60
simple_spo2_min_lr,4,3,"{'C': 1.0, 'class_weight': 'balanced'}",0.6661838867819173,0.7762916916700959,4,0.775445;0.570412;0.711993;0.606886,main,lag_plus_60
simple_spo2_min_lr,4,4,"{'C': 10.0, 'class_weight': None}",0.6661838867819173,0.7762916916700959,4,0.775445;0.570412;0.711993;0.606886,main,lag_plus_60
simple_spo2_min_lr,4,5,"{'C': 10.0, 'class_weight': 'balanced'}",0.6661838867819173,0.7762916916700959,4,0.775445;0.570412;0.711993;0.606886,main,lag_plus_60
hr_spo2_lr,0,0,"{'C': 0.1, 'class_weight': None}",0.6973460790289183,0.7926743619880194,4,0.686207;0.761667;0.716315;0.625195,main,lag_plus_60
hr_spo2_lr,0,1,"{'C': 0.1, 'class_weight': 'balanced'}",0.7008923288026828,0.7966179333410511,4,0.685399;0.766432;0.726275;0.625462,main,lag_plus_60
hr_spo2_lr,0,2,"{'C': 1.0, 'class_weight': None}",0.6970312244179901,0.7923751273173082,4,0.684632;0.762405;0.715645;0.625442,main,lag_plus_60
hr_spo2_lr,0,3,"{'C': 1.0, 'class_weight': 'balanced'}",0.7007789893816783,0.7964338122259564,4,0.683877;0.767514;0.725641;0.626083,main,lag_plus_60
hr_spo2_lr,0,4,"{'C': 10.0, 'class_weight': None}",0.6969907961422723,0.7923696355404392,4,0.684357;0.762744;0.715356;0.625506,main,lag_plus_60
hr_spo2_lr,0,5,"{'C': 10.0, 'class_weight': 'balanced'}",0.7005012357493132,0.796225627852903,4,0.683604;0.767486;0.724973;0.625942,main,lag_plus_60
hr_spo2_lr,1,0,"{'C': 0.1, 'class_weight': None}",0.6978496649763578,0.8150792635279931,4,0.623402;0.769029;0.749645;0.649323,main,lag_plus_60
hr_spo2_lr,1,1,"{'C': 0.1, 'class_weight': 'balanced'}",0.6997631649191924,0.8180932992636905,4,0.625068;0.772940;0.751678;0.649366,main,lag_plus_60
hr_spo2_lr,1,2,"{'C': 1.0, 'class_weight': None}",0.6963966808745932,0.812837668733539,4,0.623287;0.767660;0.748726;0.645914,main,lag_plus_60
hr_spo2_lr,1,3,"{'C': 1.0, 'class_weight': 'balanced'}",0.6985303297365724,0.8161058816213865,4,0.625241;0.771535;0.751000;0.646345,main,lag_plus_60
hr_spo2_lr,1,4,"{'C': 10.0, 'class_weight': None}",0.6960958044900052,0.812313568475661,4,0.623178;0.767491;0.748477;0.645236,main,lag_plus_60
hr_spo2_lr,1,5,"{'C': 10.0, 'class_weight': 'balanced'}",0.6982813344473437,0.8156503073174245,4,0.625319;0.771199;0.750727;0.645880,main,lag_plus_60
hr_spo2_lr,2,0,"{'C': 0.1, 'class_weight': None}",0.7226734054262981,0.8222770186086054,4,0.670614;0.745799;0.766657;0.707624,main,lag_plus_60
hr_spo2_lr,2,1,"{'C': 0.1, 'class_weight': 'balanced'}",0.7265349629148061,0.827679371409775,4,0.673657;0.748476;0.768493;0.715514,main,lag_plus_60
hr_spo2_lr,2,2,"{'C': 1.0, 'class_weight': None}",0.7228399373997894,0.8217817085393699,4,0.671224;0.744123;0.766316;0.709697,main,lag_plus_60
hr_spo2_lr,2,3,"{'C': 1.0, 'class_weight': 'balanced'}",0.7266265077063774,0.8270899279787481,4,0.674237;0.746632;0.768297;0.717340,main,lag_plus_60
hr_spo2_lr,2,4,"{'C': 10.0, 'class_weight': None}",0.7225629754126,0.8214864549288714,4,0.670581;0.743743;0.766079;0.709848,main,lag_plus_60
hr_spo2_lr,2,5,"{'C': 10.0, 'class_weight': 'balanced'}",0.7263973422477199,0.8268444717728123,4,0.673702;0.746156;0.768169;0.717562,main,lag_plus_60
hr_spo2_lr,3,0,"{'C': 0.1, 'class_weight': None}",0.7390552265854855,0.8269150957961453,4,0.729574;0.692044;0.791827;0.742776,main,lag_plus_60
hr_spo2_lr,3,1,"{'C': 0.1, 'class_weight': 'balanced'}",0.7418713274825358,0.830496365844893,4,0.729923;0.698707;0.796375;0.742481,main,lag_plus_60
hr_spo2_lr,3,2,"{'C': 1.0, 'class_weight': None}",0.7381875797155504,0.8257639209109098,4,0.728474;0.692125;0.791454;0.740697,main,lag_plus_60
hr_spo2_lr,3,3,"{'C': 1.0, 'class_weight': 'balanced'}",0.7412232001854888,0.8294899287447016,4,0.728999;0.698833;0.796073;0.740988,main,lag_plus_60
hr_spo2_lr,3,4,"{'C': 10.0, 'class_weight': None}",0.7377477935958291,0.825318616881252,4,0.727777;0.691592;0.791424;0.740198,main,lag_plus_60
hr_spo2_lr,3,5,"{'C': 10.0, 'class_weight': 'balanced'}",0.7408289234917653,0.8290797667512491,4,0.728227;0.698545;0.795886;0.740658,main,lag_plus_60
hr_spo2_lr,4,0,"{'C': 0.1, 'class_weight': None}",0.712314955733287,0.8119421482871119,4,0.821055;0.646625;0.741102;0.640478,main,lag_plus_60
hr_spo2_lr,4,1,"{'C': 0.1, 'class_weight': 'balanced'}",0.7152141040291895,0.8163527548898464,4,0.823261;0.651999;0.743043;0.642553,main,lag_plus_60
hr_spo2_lr,4,2,"{'C': 1.0, 'class_weight': None}",0.7115839782489285,0.8113193910479035,4,0.819278;0.644890;0.741137;0.641031,main,lag_plus_60
hr_spo2_lr,4,3,"{'C': 1.0, 'class_weight': 'balanced'}",0.714273120630609,0.8155883977878985,4,0.821611;0.649698;0.742772;0.643011,main,lag_plus_60
hr_spo2_lr,4,4,"{'C': 10.0, 'class_weight': None}",0.7111569231474479,0.8108664094441588,4,0.818940;0.643557;0.741068;0.641063,main,lag_plus_60
hr_spo2_lr,4,5,"{'C': 10.0, 'class_weight': 'balanced'}",0.7137887983107156,0.8150902519226124,4,0.821121;0.648117;0.742838;0.643080,main,lag_plus_60
