run_id,model,metric,kind,direction,delta_point_estimate,ci_low,ci_high,core_point_estimate,enhanced_point_estimate,n_resamples,n_used,n_single_class_skipped,ci_level,unit,comparator
stage15b-bspc-reanalysis-20260808T160452Z,hr_spo2_lr_vs_hr_only_lr,auroc,threshold_free,enhanced_minus_core,0.1552542112389752,0.11329395398087963,0.20258973517643936,0.668155971141831,0.8234101823808062,1000,1000,0,0.95,patient,hr_only_lr
stage15b-bspc-reanalysis-20260808T160452Z,hr_spo2_lr_vs_hr_only_lr,auprc,threshold_free,enhanced_minus_core,0.15308459426697407,0.08857999617084128,0.22877446190816553,0.5499509254688173,0.7030355197357914,1000,1000,0,0.95,patient,hr_only_lr
stage15b-bspc-reanalysis-20260808T160452Z,hr_spo2_lr_vs_hr_only_lr,brier,threshold_free,enhanced_minus_core,-0.046350609741357574,-0.06301351046678581,-0.028113225743434223,0.2234934148811677,0.17714280513981012,1000,1000,0,0.95,patient,hr_only_lr
stage15b-bspc-reanalysis-20260808T160452Z,hr_spo2_lr_vs_spo2_only_lr,auroc,threshold_free,enhanced_minus_core,-0.012161504623725339,-0.027083361653243477,0.0004884691176749212,0.8355716870045315,0.8234101823808062,1000,1000,0,0.95,patient,spo2_only_lr
stage15b-bspc-reanalysis-20260808T160452Z,hr_spo2_lr_vs_spo2_only_lr,auprc,threshold_free,enhanced_minus_core,-0.00577670265432062,-0.025619094838475832,0.007789423946694898,0.708812222390112,0.7030355197357914,1000,1000,0,0.95,patient,spo2_only_lr
stage15b-bspc-reanalysis-20260808T160452Z,hr_spo2_lr_vs_spo2_only_lr,brier,threshold_free,enhanced_minus_core,-0.002544483168550271,-0.00770794516297307,0.003318525917917819,0.1796872883083604,0.17714280513981012,1000,1000,0,0.95,patient,spo2_only_lr
stage15b-bspc-reanalysis-20260808T160452Z,hr_spo2_lr_vs_simple_spo2_min_lr,auroc,threshold_free,enhanced_minus_core,0.06045971753152335,0.032634014001231934,0.09687275878547057,0.7629504648492829,0.8234101823808062,1000,1000,0,0.95,patient,simple_spo2_min_lr
stage15b-bspc-reanalysis-20260808T160452Z,hr_spo2_lr_vs_simple_spo2_min_lr,auprc,threshold_free,enhanced_minus_core,0.06424423168028937,0.035126781054921785,0.11116610727522308,0.638791288055502,0.7030355197357914,1000,1000,0,0.95,patient,simple_spo2_min_lr
stage15b-bspc-reanalysis-20260808T160452Z,hr_spo2_lr_vs_simple_spo2_min_lr,brier,threshold_free,enhanced_minus_core,-0.018264197479992,-0.033464734840067796,-0.00204817560622129,0.19540700261980212,0.17714280513981012,1000,1000,0,0.95,patient,simple_spo2_min_lr
