task,variant,lag_label,model,metric,value,n,n_included,n_excluded
primary_battery,main,lag_0,dummy_prior,patient_macro_auroc,,0,49,1
primary_battery,main,lag_0,dummy_prior,patient_macro_auprc,0.39658358306654234,49,49,1
primary_battery,main,lag_0,simple_spo2_min_lr,patient_macro_auroc,0.6360458293885171,49,49,1
primary_battery,main,lag_0,simple_spo2_min_lr,patient_macro_auprc,0.5189839566031155,49,49,1
primary_battery,main,lag_0,hr_only_lr,patient_macro_auroc,0.6858115290802929,49,49,1
primary_battery,main,lag_0,hr_only_lr,patient_macro_auprc,0.5723384884719418,49,49,1
primary_battery,main,lag_0,spo2_only_lr,patient_macro_auroc,0.7531979827126607,49,49,1
primary_battery,main,lag_0,spo2_only_lr,patient_macro_auprc,0.6355651743521213,49,49,1
primary_battery,main,lag_0,hr_spo2_lr,patient_macro_auroc,0.7626603547696073,49,49,1
primary_battery,main,lag_0,hr_spo2_lr,patient_macro_auprc,0.6503755389772076,49,49,1
primary_battery,main,lag_0,hr_spo2_hgb,patient_macro_auroc,0.7812958764206759,49,49,1
primary_battery,main,lag_0,hr_spo2_hgb,patient_macro_auprc,0.6629517407706983,49,49,1
label_sensitivity,sensitivity_onset,lag_0,dummy_prior,patient_macro_auroc,,0,49,1
label_sensitivity,sensitivity_onset,lag_0,dummy_prior,patient_macro_auprc,0.28831062823428505,49,49,1
label_sensitivity,sensitivity_onset,lag_0,hr_spo2_lr,patient_macro_auroc,0.6917369442083876,49,49,1
label_sensitivity,sensitivity_onset,lag_0,hr_spo2_lr,patient_macro_auprc,0.46686747107873516,49,49,1
label_sensitivity,sensitivity_any,lag_0,dummy_prior,patient_macro_auroc,,0,49,1
label_sensitivity,sensitivity_any,lag_0,dummy_prior,patient_macro_auprc,0.45773953396205963,49,49,1
label_sensitivity,sensitivity_any,lag_0,hr_spo2_lr,patient_macro_auroc,0.7569118156378618,49,49,1
label_sensitivity,sensitivity_any,lag_0,hr_spo2_lr,patient_macro_auprc,0.6909156825372585,49,49,1
label_sensitivity,sensitivity_cov50,lag_0,dummy_prior,patient_macro_auroc,,0,49,1
label_sensitivity,sensitivity_cov50,lag_0,dummy_prior,patient_macro_auprc,0.3219574456616665,49,49,1
label_sensitivity,sensitivity_cov50,lag_0,hr_spo2_lr,patient_macro_auroc,0.7714351599856689,49,49,1
label_sensitivity,sensitivity_cov50,lag_0,hr_spo2_lr,patient_macro_auprc,0.59481130076174,49,49,1
lag_sensitivity,main,lag_plus_30,dummy_prior,patient_macro_auroc,,0,49,1
lag_sensitivity,main,lag_plus_30,dummy_prior,patient_macro_auprc,0.3959927624662019,49,49,1
lag_sensitivity,main,lag_plus_30,simple_spo2_min_lr,patient_macro_auroc,0.7179677353061047,49,49,1
lag_sensitivity,main,lag_plus_30,simple_spo2_min_lr,patient_macro_auprc,0.5978461636129354,49,49,1
lag_sensitivity,main,lag_plus_30,hr_spo2_lr,patient_macro_auroc,0.7827357176682084,49,49,1
lag_sensitivity,main,lag_plus_30,hr_spo2_lr,patient_macro_auprc,0.6658765981585547,49,49,1
lag_sensitivity,main,lag_plus_60,dummy_prior,patient_macro_auroc,,0,49,1
lag_sensitivity,main,lag_plus_60,dummy_prior,patient_macro_auprc,0.3950824047052182,49,49,1
lag_sensitivity,main,lag_plus_60,simple_spo2_min_lr,patient_macro_auroc,0.6545539801436676,49,49,1
lag_sensitivity,main,lag_plus_60,simple_spo2_min_lr,patient_macro_auprc,0.5325275183086112,49,49,1
lag_sensitivity,main,lag_plus_60,hr_spo2_lr,patient_macro_auroc,0.7072120715519707,49,49,1
lag_sensitivity,main,lag_plus_60,hr_spo2_lr,patient_macro_auprc,0.5849962665146866,49,49,1
