model,outer_fold,selected_candidate,selected_mean_ap,selected_mean_auroc,variant,lag_label
simple_spo2_min_lr,0,"{'C': 0.1, 'class_weight': None}",0.6257021786956881,0.741254059948483,main,lag_0
simple_spo2_min_lr,1,"{'C': 0.1, 'class_weight': None}",0.6332893757819039,0.768559904426865,main,lag_0
simple_spo2_min_lr,2,"{'C': 0.1, 'class_weight': None}",0.6504887892371902,0.7831355708840548,main,lag_0
simple_spo2_min_lr,3,"{'C': 0.1, 'class_weight': None}",0.6690399980650008,0.7814550331374418,main,lag_0
simple_spo2_min_lr,4,"{'C': 0.1, 'class_weight': None}",0.6433919557213008,0.7615403855621754,main,lag_0
hr_only_lr,0,"{'C': 0.1, 'class_weight': 'balanced'}",0.5694420966676925,0.6763178437251051,main,lag_0
hr_only_lr,1,"{'C': 0.1, 'class_weight': 'balanced'}",0.5688724430496794,0.693166541930067,main,lag_0
hr_only_lr,2,"{'C': 10.0, 'class_weight': 'balanced'}",0.5727426100950915,0.6993187654692513,main,lag_0
hr_only_lr,3,"{'C': 0.1, 'class_weight': None}",0.5862162883546596,0.7041233783957991,main,lag_0
hr_only_lr,4,"{'C': 0.1, 'class_weight': 'balanced'}",0.5753861182247533,0.6986216306456505,main,lag_0
spo2_only_lr,0,"{'C': 0.1, 'class_weight': 'balanced'}",0.7142700628059047,0.8219359024737082,main,lag_0
spo2_only_lr,1,"{'C': 0.1, 'class_weight': 'balanced'}",0.7127521956256098,0.8338236773096748,main,lag_0
spo2_only_lr,2,"{'C': 0.1, 'class_weight': 'balanced'}",0.74466153461888,0.8500347418687487,main,lag_0
spo2_only_lr,3,"{'C': 0.1, 'class_weight': 'balanced'}",0.7565237958674031,0.8504032068352908,main,lag_0
spo2_only_lr,4,"{'C': 0.1, 'class_weight': 'balanced'}",0.7144859715257819,0.8273107515546754,main,lag_0
hr_spo2_lr,0,"{'C': 0.1, 'class_weight': 'balanced'}",0.703918370443006,0.8051959235083106,main,lag_0
hr_spo2_lr,1,"{'C': 0.1, 'class_weight': 'balanced'}",0.7083354047830882,0.8292402938630848,main,lag_0
hr_spo2_lr,2,"{'C': 1.0, 'class_weight': 'balanced'}",0.73858386202115,0.8419856029819484,main,lag_0
hr_spo2_lr,3,"{'C': 0.1, 'class_weight': 'balanced'}",0.7517771983193307,0.8434618298027153,main,lag_0
hr_spo2_lr,4,"{'C': 0.1, 'class_weight': 'balanced'}",0.7156299436417207,0.825165179238557,main,lag_0
hr_spo2_hgb,0,"{'learning_rate': 0.05, 'max_leaf_nodes': 15}",0.7611717254037179,0.8455091438949075,main,lag_0
hr_spo2_hgb,1,"{'learning_rate': 0.05, 'max_leaf_nodes': 15}",0.7401606788265052,0.8451362553616573,main,lag_0
hr_spo2_hgb,2,"{'learning_rate': 0.05, 'max_leaf_nodes': 31}",0.8040972729889745,0.877123865185674,main,lag_0
hr_spo2_hgb,3,"{'learning_rate': 0.05, 'max_leaf_nodes': 15}",0.7603537085123042,0.8555578119182743,main,lag_0
hr_spo2_hgb,4,"{'learning_rate': 0.05, 'max_leaf_nodes': 15}",0.7584130314383506,0.8517795337812882,main,lag_0
hr_spo2_lr,0,"{'C': 0.1, 'class_weight': 'balanced'}",0.5087600464209754,0.7340867652645724,sensitivity_onset,lag_0
hr_spo2_lr,1,"{'C': 0.1, 'class_weight': 'balanced'}",0.5322219990752364,0.761615813091159,sensitivity_onset,lag_0
hr_spo2_lr,2,"{'C': 0.1, 'class_weight': 'balanced'}",0.5396115347431865,0.765880961042051,sensitivity_onset,lag_0
hr_spo2_lr,3,"{'C': 0.1, 'class_weight': 'balanced'}",0.5501909558687899,0.7672868679837681,sensitivity_onset,lag_0
hr_spo2_lr,4,"{'C': 0.1, 'class_weight': 'balanced'}",0.5327387407289392,0.7565735050703503,sensitivity_onset,lag_0
hr_spo2_lr,0,"{'C': 0.1, 'class_weight': 'balanced'}",0.7516203552004109,0.7990553362718684,sensitivity_any,lag_0
hr_spo2_lr,1,"{'C': 0.1, 'class_weight': 'balanced'}",0.7509538064256035,0.8195518284748613,sensitivity_any,lag_0
hr_spo2_lr,2,"{'C': 0.1, 'class_weight': 'balanced'}",0.7764133183384128,0.8341477022692905,sensitivity_any,lag_0
hr_spo2_lr,3,"{'C': 0.1, 'class_weight': 'balanced'}",0.7904635523229712,0.8347271245748835,sensitivity_any,lag_0
hr_spo2_lr,4,"{'C': 0.1, 'class_weight': 'balanced'}",0.7569604741752417,0.8150897887469324,sensitivity_any,lag_0
hr_spo2_lr,0,"{'C': 10.0, 'class_weight': 'balanced'}",0.6315381395661366,0.8073484844544145,sensitivity_cov50,lag_0
hr_spo2_lr,1,"{'C': 0.1, 'class_weight': 'balanced'}",0.6282245303304894,0.8301408962513255,sensitivity_cov50,lag_0
hr_spo2_lr,2,"{'C': 1.0, 'class_weight': 'balanced'}",0.6667492350213045,0.8412217477321922,sensitivity_cov50,lag_0
hr_spo2_lr,3,"{'C': 1.0, 'class_weight': 'balanced'}",0.6792544292440498,0.8440475625702453,sensitivity_cov50,lag_0
hr_spo2_lr,4,"{'C': 0.1, 'class_weight': 'balanced'}",0.6457790593382199,0.8282921783379821,sensitivity_cov50,lag_0
simple_spo2_min_lr,0,"{'C': 0.1, 'class_weight': None}",0.688805753796361,0.7942702804768207,main,lag_plus_30
simple_spo2_min_lr,1,"{'C': 0.1, 'class_weight': None}",0.6901656384163596,0.8159592963154829,main,lag_plus_30
simple_spo2_min_lr,2,"{'C': 0.1, 'class_weight': None}",0.7101570274778389,0.8266568271149186,main,lag_plus_30
simple_spo2_min_lr,3,"{'C': 0.1, 'class_weight': None}",0.7317535095663583,0.8255970784869312,main,lag_plus_30
simple_spo2_min_lr,4,"{'C': 0.1, 'class_weight': None}",0.688327259971266,0.8012912459545315,main,lag_plus_30
hr_spo2_lr,0,"{'C': 0.1, 'class_weight': 'balanced'}",0.7360735456576475,0.8347536488226562,main,lag_plus_30
hr_spo2_lr,1,"{'C': 0.1, 'class_weight': 'balanced'}",0.7233294524121007,0.8489349679595765,main,lag_plus_30
hr_spo2_lr,2,"{'C': 1.0, 'class_weight': 'balanced'}",0.7519925414535633,0.8576148367311661,main,lag_plus_30
hr_spo2_lr,3,"{'C': 0.1, 'class_weight': 'balanced'}",0.779193721184283,0.867514505994509,main,lag_plus_30
hr_spo2_lr,4,"{'C': 0.1, 'class_weight': 'balanced'}",0.7307356906836728,0.8419870032778423,main,lag_plus_30
simple_spo2_min_lr,0,"{'C': 0.1, 'class_weight': None}",0.6515757720621974,0.7575584026884814,main,lag_plus_60
simple_spo2_min_lr,1,"{'C': 0.1, 'class_weight': None}",0.6558454979654135,0.7840931914290307,main,lag_plus_60
simple_spo2_min_lr,2,"{'C': 0.1, 'class_weight': None}",0.6738112863556579,0.7979335089899458,main,lag_plus_60
simple_spo2_min_lr,3,"{'C': 0.1, 'class_weight': None}",0.6941881284692719,0.7959601007662847,main,lag_plus_60
simple_spo2_min_lr,4,"{'C': 0.1, 'class_weight': None}",0.6661838867819173,0.7762916916700959,main,lag_plus_60
hr_spo2_lr,0,"{'C': 0.1, 'class_weight': 'balanced'}",0.7008923288026828,0.7966179333410511,main,lag_plus_60
hr_spo2_lr,1,"{'C': 0.1, 'class_weight': 'balanced'}",0.6997631649191924,0.8180932992636905,main,lag_plus_60
hr_spo2_lr,2,"{'C': 1.0, 'class_weight': 'balanced'}",0.7266265077063774,0.8270899279787481,main,lag_plus_60
hr_spo2_lr,3,"{'C': 0.1, 'class_weight': 'balanced'}",0.7418713274825358,0.830496365844893,main,lag_plus_60
hr_spo2_lr,4,"{'C': 0.1, 'class_weight': 'balanced'}",0.7152141040291895,0.8163527548898464,main,lag_plus_60
