task,variant,variant_name,lag_windows,lag_label,model,model_role,n_windows,n_patients,positive_rate,auroc,auprc,brier,log_loss,sensitivity,specificity,precision,f1,balanced_accuracy,n_dropped_lag
primary_battery,main,overlap_ge_10s,0,lag_0,dummy_prior,lower_bound,30506,50,0.37743394742017966,0.4809914318622258,0.36675922090842344,0.23513087756050377,0.6631204812084919,0.0,1.0,,,0.5,0
primary_battery,main,overlap_ge_10s,0,lag_0,simple_spo2_min_lr,simple_baseline,30506,50,0.37743394742017966,0.7629504648492829,0.638791288055502,0.19540700261980212,0.5858632470709583,0.6548549591801286,0.7629528222409435,0.6261418369041687,0.6401766004415012,0.708903890710536,0
primary_battery,main,overlap_ge_10s,0,lag_0,hr_only_lr,comparator,30506,50,0.37743394742017966,0.668155971141831,0.5499509254688173,0.2234934148811677,0.6425580857536219,0.47298940420357827,0.7699557708508846,0.5548650025471218,0.5106662290777814,0.6214725875272314,0
primary_battery,main,overlap_ge_10s,0,lag_0,spo2_only_lr,comparator,30506,50,0.37743394742017966,0.8355716870045315,0.708812222390112,0.1796872883083604,0.5888235248723201,0.7484801111690116,0.8241364785172705,0.7206890784412109,0.7343217450579413,0.786308294843141,0
primary_battery,main,overlap_ge_10s,0,lag_0,hr_spo2_lr,primary,30506,50,0.37743394742017966,0.8234101823808062,0.7030355197357914,0.17714280513981012,0.5764937945943784,0.6968038909154073,0.8269271272114574,0.7093722369584439,0.7030318962495619,0.7618655090634323,0
primary_battery,main,overlap_ge_10s,0,lag_0,hr_spo2_hgb,exploratory,30506,50,0.37743394742017966,0.8550927511747539,0.750790044378655,0.15275135352432934,0.4758396379582917,0.8133576515546291,0.7806444818871103,0.6921144039612741,0.7478538630465162,0.7970010667208698,0
label_sensitivity,sensitivity_onset,event_start_point_half_open,0,lag_0,dummy_prior,lower_bound,34643,50,0.2809225528966891,0.49976258472352286,0.28079093975933134,0.20200509025881824,0.5938225685513068,0.0,1.0,,,0.5,0
label_sensitivity,sensitivity_onset,event_start_point_half_open,0,lag_0,hr_spo2_lr,primary,34643,50,0.2809225528966891,0.7535731767360607,0.5224309365887023,0.2045546642600831,0.620908140980458,0.6070694615700781,0.7813014331018425,0.5202536104262064,0.5603186646433991,0.6941854473359603,0
label_sensitivity,sensitivity_any,any_overlap,0,lag_0,dummy_prior,lower_bound,34643,50,0.45177958029039056,0.47834516927438475,0.4383188457168591,0.24788358963115373,0.6889109571341169,0.0,1.0,,,0.5,0
label_sensitivity,sensitivity_any,any_overlap,0,lag_0,hr_spo2_lr,primary,34643,50,0.45177958029039056,0.8144222100355927,0.7483028103929108,0.184536896888624,0.5839197150427383,0.6831512363427257,0.823030749789385,0.760833985625845,0.7199030433611635,0.7530909930660553,0
label_sensitivity,sensitivity_cov50,coverage_ge_50pct,0,lag_0,dummy_prior,lower_bound,26508,50,0.2835370454202505,0.47098000115899896,0.27024703027230196,0.2034232090965361,0.5969541637503133,0.0,1.0,,,0.5,0
label_sensitivity,sensitivity_cov50,coverage_ge_50pct,0,lag_0,hr_spo2_lr,primary,26508,50,0.2835370454202505,0.8245157662529989,0.6232398462647738,0.17153646507051992,0.5741985710972621,0.6931878658861096,0.8345092670598147,0.6237280019154795,0.6566261264099817,0.7638485664729622,0
lag_sensitivity,main,overlap_ge_10s,1,lag_plus_30,dummy_prior,lower_bound,29752,50,0.3760755579456843,0.48039167351427714,0.3652542622020729,0.23480837891327086,0.6624636589807961,0.0,1.0,,,0.5,804
lag_sensitivity,main,overlap_ge_10s,1,lag_plus_30,simple_spo2_min_lr,simple_baseline,29752,50,0.3760755579456843,0.8072654534304623,0.6892482721918075,0.17901013952864897,0.5556754769350278,0.7081061757082849,0.7841404945321339,0.6641240569991618,0.685410268610234,0.7461233351202095,804
lag_sensitivity,main,overlap_ge_10s,1,lag_plus_30,hr_spo2_lr,primary,29752,50,0.3760755579456843,0.8437105098666954,0.7223683743404627,0.16844009294170895,0.567087001714721,0.7619090177853248,0.813930937887195,0.711662075298439,0.7359288674033149,0.7879199778362599,804
lag_sensitivity,main,overlap_ge_10s,2,lag_plus_60,dummy_prior,lower_bound,29203,50,0.3745163168167654,0.4793174371426866,0.3632132704735635,0.2344342238081594,0.6617012229574077,0.0,1.0,,,0.5,1471
lag_sensitivity,main,overlap_ge_10s,2,lag_plus_60,simple_spo2_min_lr,simple_baseline,29203,50,0.3745163168167654,0.7783196203061039,0.6607285905954059,0.18840776869765127,0.5712895429716867,0.6714821248971381,0.7677652469068215,0.6338684619368203,0.6521333747724548,0.7196236859019798,1471
lag_sensitivity,main,overlap_ge_10s,2,lag_plus_60,hr_spo2_lr,primary,29203,50,0.3745163168167654,0.8119432712287742,0.6991798325148372,0.18078865713629336,0.5794499845399342,0.6648989668099113,0.8457242965071718,0.7207135777998018,0.691682122984734,0.7553116316585415,1471
