bin,lo,hi,n,mean_pred,obs_rate,ece_count_weighted
0,0.0,0.1,5,0.0806759978676727,0.0,0.11726420532209333
1,0.1,0.2,1377,0.176167240694119,0.074800290486565,0.11726420532209333
2,0.2,0.30000000000000004,7729,0.25539135373386246,0.09639021865700607,0.11726420532209333
3,0.30000000000000004,0.4,7231,0.3456355559129936,0.21352510026275756,0.11726420532209333
4,0.4,0.5,4006,0.4445495229452355,0.42111832251622566,0.11726420532209333
5,0.5,0.6000000000000001,2314,0.5466140957523217,0.6279170267934313,0.11726420532209333
6,0.6000000000000001,0.7000000000000001,1725,0.6483648193991813,0.7431884057971014,0.11726420532209333
7,0.7000000000000001,0.8,1492,0.7482169591693886,0.782171581769437,0.11726420532209333
8,0.8,0.9,1555,0.8514314052741165,0.7839228295819936,0.11726420532209333
9,0.9,1.0,3072,0.9654487334993759,0.7532552083333334,0.11726420532209333
